Id,Sensor 1,Sensor 2,Sensor 3,Sensor 4,Sensor 5,Sensor 6,Sensor 7,Sensor 8,Sensor 9,Sensor 10,Sensor 11,Sensor 12,Sensor 13,Sensor 14,Sensor 15,Sensor 16,Sensor 17,Sensor 18,Sensor 19,Sensor 20
1,-25,85,-72,319,-97,200,415,6,588,82,544,540,12,987,167,10,2,1,5,1
2,15,93,-69,391,85,476,671,6,701,96,680,430,233,987,29,10,5,7,5,8
3,76,86,-82,957,65,502,944,6,351,586,759,822,163,987,766,10,2,6,1,4
4,21,82,-70,168,47,101,207,6,597,112,735,365,303,987,575,10,6,5,2,5
5,-66,95,-88,613,-78,88,479,6,521,6,698,272,846,987,329,10,7,7,7,1
6,2,94,-94,417,-79,457,523,6,299,73,608,96,283,987,946,10,3,2,0,6
7,-75,94,-66,672,-18,648,745,6,715,363,109,621,695,987,514,10,4,7,9,8
8,57,80,-55,165,-73,650,555,6,589,76,483,541,718,987,281,10,2,1,3,3
9,-33,80,-68,768,2,221,388,6,922,605,807,820,377,987,785,10,9,5,8,7
10,-88,83,-87,430,-64,198,135,6,193,601,772,513,682,987,942,10,9,4,2,6
11,89,83,-54,219,90,218,965,6,235,600,654,638,188,987,876,10,4,6,8,0
12,39,83,-58,738,32,880,545,6,630,548,205,964,833,987,171,10,1,8,2,8
13,-78,94,-56,90,19,624,730,6,264,877,95,219,579,987,481,10,6,4,8,2
14,-4,93,-97,344,48,673,833,6,599,230,698,903,766,987,92,10,3,4,7,1
15,4,97,-71,731,-94,583,29,6,182,374,497,924,719,987,275,10,0,3,7,5
16,43,98,-68,229,51,502,461,6,545,223,708,860,263,987,507,10,1,9,2,7
17,4,92,-72,680,82,251,285,6,675,497,726,372,606,987,713,10,3,8,4,5
18,-16,85,-89,720,-91,839,676,6,161,830,59,445,165,987,42,10,7,4,0,8
19,76,83,-64,877,-1,227,390,6,640,158,248,962,250,987,591,10,3,7,5,8
20,-83,84,-50,576,64,389,362,6,444,700,987,656,567,987,824,10,7,8,10,6
21,-16,97,-96,567,0,481,942,6,894,349,351,323,44,987,840,10,4,9,0,0
22,16,80,-95,883,52,712,56,6,374,232,623,511,555,987,142,10,4,6,0,6
23,-56,90,-93,128,79,67,201,6,4,245,448,874,807,987,637,10,2,8,3,6
24,-64,94,-82,910,-93,308,330,6,857,855,657,996,386,987,929,10,1,8,3,3
25,59,91,-54,836,-17,58,530,6,991,41,73,103,789,987,386,10,7,10,2,7
26,-15,87,-81,107,47,542,246,6,308,954,524,946,647,987,570,10,2,1,1,5
27,-86,88,-90,83,-60,906,73,6,202,627,835,543,547,987,669,10,8,8,10,8
28,61,81,-66,188,-36,69,907,6,711,689,330,320,180,987,670,10,1,5,7,7
29,21,98,-56,488,-77,79,83,6,657,31,276,582,966,987,432,10,8,1,6,6
30,12,87,-62,747,30,812,540,6,336,685,369,52,554,987,100,10,6,6,6,6
31,86,85,-82,953,-60,443,998,6,473,328,831,907,162,987,538,10,5,7,8,7
32,66,90,-54,993,56,674,144,6,990,276,729,858,88,987,619,10,3,8,3,8
33,-48,99,-53,855,61,64,990,6,104,74,161,825,747,987,33,10,7,3,0,3
34,-13,80,-54,485,-49,684,732,6,319,878,827,719,825,987,729,10,7,2,10,7
35,-67,91,-51,54,18,128,725,6,606,229,809,780,277,987,681,10,5,7,3,5
36,-86,91,-95,239,43,774,314,6,652,965,972,439,709,987,344,10,1,9,1,6
37,63,84,-58,417,61,307,694,6,279,582,660,979,979,987,394,10,3,5,2,5
38,47,100,-61,546,27,532,352,6,571,378,314,965,275,987,816,10,2,4,8,9
39,71,97,-66,394,-12,65,661,6,35,629,110,319,494,987,61,10,0,2,3,4
40,-69,83,-52,881,63,113,523,6,925,799,247,587,941,987,715,10,3,4,3,2
41,88,97,-55,323,63,961,54,6,813,407,122,460,749,987,338,10,6,4,3,7
42,25,100,-87,616,82,114,683,6,924,483,646,490,955,987,287,10,8,1,1,9
43,21,92,-89,624,33,552,206,6,325,533,122,322,813,987,790,10,3,5,4,10
44,-4,95,-78,52,86,329,530,6,211,488,801,145,977,987,263,10,5,1,0,1
45,82,90,-100,433,-93,964,799,6,24,776,31,351,938,987,459,10,9,2,6,2
46,58,99,-90,272,64,682,111,6,93,911,460,349,321,987,240,10,4,10,4,1
47,-44,87,-80,651,76,456,286,6,511,346,353,34,651,987,782,10,7,3,0,8
48,50,87,-82,294,-13,689,822,6,463,15,433,24,851,987,121,10,4,7,5,5
49,37,87,-81,921,49,382,985,6,943,996,596,326,806,987,551,10,10,0,9,2
50,76,82,-81,730,63,449,349,6,456,254,343,481,898,987,600,10,9,7,2,3
51,96,88,-71,164,-4,153,779,6,645,330,763,663,361,987,373,10,7,3,5,10
52,-22,85,-99,97,-80,702,19,6,107,425,193,945,982,987,7,10,5,7,5,6
53,18,86,-99,559,-58,85,361,6,550,897,315,798,479,987,813,10,2,4,1,0
54,-45,96,-93,646,20,178,704,6,144,567,606,727,143,987,476,10,2,5,0,8
55,-30,85,-86,784,69,953,230,6,371,954,962,79,916,987,135,10,8,0,2,1
56,-3,94,-59,379,-19,574,971,6,9,407,104,441,464,987,553,10,5,1,1,9
57,-33,97,-62,996,19,767,387,6,348,326,517,807,371,987,590,10,1,4,3,0
58,-69,94,-94,864,35,304,48,6,951,50,684,648,59,987,424,10,7,6,0,8
59,22,92,-66,463,9,1,777,6,828,773,271,573,338,987,122,10,2,1,7,6
60,15,85,-55,70,-64,447,874,6,578,219,834,568,847,987,712,10,8,8,3,3
61,-83,94,-55,719,24,39,774,6,325,33,935,681,256,987,533,10,2,9,10,9
62,-31,92,-55,600,-85,619,814,6,519,139,158,492,875,987,609,10,9,7,3,9
63,-52,99,-53,91,5,330,831,6,281,374,900,883,299,987,504,10,8,7,3,7
64,-98,95,-93,493,75,317,159,6,299,367,149,575,924,987,603,10,4,2,8,1
65,71,97,-93,540,-99,971,553,6,670,214,537,485,692,987,823,10,4,7,8,9
66,-26,90,-58,788,-31,504,646,6,509,513,27,733,285,987,701,10,0,0,0,5
67,41,99,-90,841,64,5,464,6,178,836,369,516,214,987,935,10,4,3,7,8
68,25,84,-78,923,27,49,406,6,940,266,108,879,313,987,561,10,6,5,3,3
69,-47,96,-63,951,27,279,631,6,350,843,500,668,992,987,558,10,8,8,1,2
70,-65,83,-57,282,-83,734,821,6,33,727,192,494,452,987,940,10,3,7,3,7
71,49,99,-79,615,35,834,622,6,637,227,326,21,930,987,955,10,9,6,3,5
72,9,83,-65,287,-42,245,709,6,891,644,756,599,323,987,74,10,7,5,1,9
73,1,82,-75,78,-44,336,563,6,782,907,944,80,5,987,156,10,2,10,3,2
74,-15,89,-80,337,-21,211,719,6,549,697,771,39,985,987,918,10,10,3,10,9
75,-32,84,-54,124,85,68,796,6,628,891,485,112,743,987,165,10,0,2,8,6
76,-92,89,-90,998,-81,755,535,6,106,740,439,284,323,987,522,10,8,0,6,4
77,-14,98,-54,371,-18,416,26,6,862,315,54,512,12,987,15,10,6,5,5,5
78,-74,83,-98,264,-52,168,494,6,504,160,361,253,42,987,484,10,9,4,9,7
79,40,93,-68,133,51,733,99,6,117,701,426,955,600,987,940,10,10,1,8,0
80,-92,81,-82,295,30,841,426,6,933,479,569,954,650,987,693,10,6,6,7,4
81,99,97,-56,993,36,599,768,6,415,888,430,11,387,987,853,10,7,3,10,7
82,65,86,-88,842,32,214,858,6,822,2,533,742,779,987,246,10,1,9,4,7
83,21,88,-75,525,42,297,807,6,224,576,423,486,658,987,478,10,9,8,4,6
84,-49,99,-71,70,-31,509,979,6,146,632,57,292,528,987,531,10,1,2,2,0
85,96,97,-71,924,-88,557,451,6,61,332,454,379,431,987,90,10,4,7,4,1
86,-11,86,-68,603,9,525,334,6,146,760,515,393,711,987,183,10,6,1,7,5
87,85,84,-64,449,-27,769,838,6,631,333,198,761,794,987,670,10,4,6,8,8
88,-35,96,-88,272,-53,506,801,6,385,999,792,810,115,987,360,10,10,4,7,2
89,-59,88,-82,82,4,12,914,6,945,406,725,796,794,987,657,10,1,5,4,0
90,77,83,-84,314,91,61,459,6,719,140,116,486,332,987,329,10,9,8,1,4
91,42,85,-59,721,-68,446,109,6,422,238,527,67,194,987,585,10,7,6,6,7
92,-59,97,-79,107,-88,981,635,6,700,651,643,717,917,987,315,10,1,4,3,7
93,-5,93,-79,517,-87,941,244,6,199,584,110,931,700,987,139,10,0,3,9,7
94,-15,84,-75,479,-12,677,997,6,974,486,916,136,48,987,600,10,6,4,3,9
95,-36,82,-76,830,31,129,371,6,180,765,239,861,826,987,823,10,5,4,7,4
96,-79,83,-87,235,-1,598,300,6,232,664,859,401,536,987,686,10,1,5,9,5
97,91,81,-67,418,72,321,945,6,262,524,411,173,48,987,821,10,3,7,8,6
98,-55,98,-85,151,31,140,777,6,550,264,92,291,160,987,67,10,5,2,1,9
99,52,86,-62,315,-1,28,332,6,513,961,419,723,728,987,535,10,0,6,2,5
100,5,80,-71,303,63,626,722,6,757,253,574,634,765,987,753,10,3,3,4,1
101,-81,89,-68,365,-29,107,188,6,540,21,783,544,332,987,385,10,7,10,3,2
102,-100,98,-60,194,25,599,41,6,624,753,654,204,291,987,704,10,5,4,8,3
103,-12,90,-59,786,-5,550,819,6,274,696,754,834,142,987,30,10,6,6,8,7
104,12,95,-53,920,-16,171,156,6,460,280,988,37,105,987,113,10,6,1,0,5
105,53,99,-75,349,-25,70,358,6,392,717,49,112,223,987,96,10,2,2,7,4
106,51,94,-78,547,-13,46,878,6,299,439,137,442,72,987,344,10,7,2,5,6
107,-33,99,-92,679,59,985,483,6,528,418,525,792,873,987,557,10,9,7,6,3
108,48,80,-82,626,53,802,240,6,105,783,945,874,647,987,815,10,9,3,2,6
109,82,95,-52,786,-84,454,2,6,979,773,762,815,279,987,896,10,1,5,8,6
110,17,100,-71,212,-25,670,863,6,761,620,496,985,169,987,958,10,5,4,3,3
111,67,86,-66,494,-67,824,394,6,657,72,546,932,694,987,510,10,6,7,9,4
112,39,81,-59,606,56,883,724,6,660,714,779,928,931,987,376,10,3,7,3,2
113,60,90,-71,934,56,284,871,6,716,929,583,405,821,987,70,10,2,9,3,7
114,-35,83,-99,654,-50,1,871,6,877,635,358,231,436,987,438,10,2,9,4,9
115,7,95,-74,656,24,241,374,6,615,671,638,27,537,987,618,10,1,6,1,3
116,16,90,-55,349,-98,429,396,6,627,207,914,956,825,987,710,10,5,8,2,1
117,-92,87,-63,290,36,957,903,6,530,718,332,790,445,987,838,10,8,4,9,9
118,-37,84,-52,583,52,66,390,6,963,716,878,824,842,987,195,10,7,3,3,7
119,-54,84,-57,624,21,307,515,6,932,0,567,610,85,987,157,10,10,10,2,1
120,2,90,-63,225,55,566,205,6,978,779,95,896,367,987,490,10,2,8,3,9
121,-28,84,-79,826,84,8,972,6,210,491,21,905,423,987,645,10,4,0,6,1
122,44,90,-61,250,-75,301,439,6,721,963,484,211,68,987,833,10,7,3,4,7
123,-19,93,-53,103,92,354,42,6,792,163,369,527,612,987,374,10,7,8,8,2
124,-35,87,-53,965,-92,291,614,6,672,911,386,566,409,987,980,10,4,3,5,9
125,63,84,-83,99,97,703,516,6,881,841,198,906,634,987,994,10,2,2,0,2
126,13,86,-72,676,-78,399,691,6,993,844,120,461,753,987,103,10,3,4,5,6
127,58,82,-99,858,-76,446,703,6,790,469,950,966,981,987,211,10,1,8,7,0
128,2,91,-75,321,-80,363,789,6,769,831,158,159,474,987,463,10,4,10,9,10
129,-24,85,-58,569,-99,196,23,6,145,344,915,699,186,987,657,10,6,0,9,3
130,-18,87,-68,165,-98,374,202,6,760,52,761,192,53,987,272,10,1,6,1,5
131,25,91,-90,927,-99,284,752,6,260,711,396,235,508,987,457,10,4,1,8,10
132,-72,92,-66,987,-71,611,332,6,855,546,872,773,987,987,99,10,9,5,9,1
133,49,87,-93,297,-8,78,260,6,361,859,457,246,80,987,252,10,5,9,2,10
134,30,94,-100,136,-26,929,28,6,203,980,664,1,714,987,36,10,9,4,3,9
135,-52,99,-70,207,23,524,689,6,7,795,726,435,10,987,928,10,8,7,0,1
136,49,81,-77,351,85,326,221,6,463,561,501,732,692,987,716,10,1,8,2,3
137,48,81,-83,949,34,242,81,6,875,563,73,368,181,987,944,10,8,0,1,5
138,-37,85,-88,887,-34,946,641,6,979,981,798,640,259,987,154,10,8,10,4,8
139,-68,83,-55,452,-49,367,182,6,668,727,830,294,582,987,835,10,6,8,7,4
140,-36,84,-92,92,-80,507,127,6,355,885,915,177,930,987,159,10,1,4,8,9
141,-46,96,-74,243,-93,416,919,6,869,447,109,998,270,987,812,10,6,8,6,0
142,-12,95,-79,830,32,335,389,6,105,98,117,275,951,987,114,10,8,7,0,9
143,-77,89,-59,445,11,896,680,6,372,186,855,432,859,987,522,10,9,8,10,5
144,27,83,-86,180,39,335,114,6,538,149,27,651,873,987,855,10,10,4,2,3
145,32,84,-84,428,-48,273,541,6,89,538,943,275,359,987,915,10,5,3,5,7
146,76,95,-68,830,63,211,847,6,581,249,350,193,921,987,56,10,2,6,1,4
147,97,100,-69,214,-5,987,748,6,790,940,7,181,886,987,86,10,4,2,8,4
148,31,86,-89,615,33,239,706,6,989,479,39,42,294,987,882,10,9,4,1,10
149,48,83,-50,644,39,419,396,6,799,141,695,119,202,987,238,10,2,6,4,4
150,88,82,-91,580,-98,29,121,6,893,788,338,847,397,987,319,10,5,4,3,5
151,42,91,-73,701,75,138,959,6,575,660,171,921,11,987,613,10,1,7,3,3
152,-19,89,-73,134,-27,252,658,6,333,504,89,372,453,987,423,10,8,5,1,5
153,-7,80,-63,339,-26,384,127,6,896,409,379,218,673,987,898,10,9,5,10,4
154,-82,91,-85,678,3,465,856,6,424,387,884,186,328,987,888,10,2,7,8,1
155,35,98,-97,777,-63,387,32,6,441,351,906,872,383,987,483,10,6,5,7,6
156,-61,95,-55,976,56,133,355,6,891,973,518,794,362,987,32,10,4,9,6,6
157,38,96,-97,63,98,321,270,6,545,231,592,400,632,987,480,10,6,1,4,0
158,77,95,-82,930,61,499,526,6,434,250,976,457,86,987,151,10,5,6,1,8
159,-83,92,-86,857,11,131,793,6,84,470,459,996,970,987,172,10,4,3,3,1
160,0,98,-100,805,78,892,306,6,534,155,441,109,826,987,703,10,3,9,8,7
161,72,91,-75,880,-20,814,132,6,304,920,7,250,898,987,732,10,5,4,5,0
162,72,88,-78,646,12,401,541,6,22,913,948,372,780,987,208,10,2,6,4,8
163,11,91,-55,209,74,543,340,6,684,649,527,166,257,987,225,10,9,7,1,2
164,-89,99,-54,511,-16,364,822,6,336,418,945,554,135,987,403,10,4,6,7,9
165,70,87,-77,116,-42,528,296,6,68,927,543,983,261,987,900,10,8,3,6,8
166,-98,94,-74,604,76,921,421,6,212,245,28,167,565,987,314,10,1,0,7,2
167,-82,87,-57,151,-14,820,885,6,255,29,250,579,436,987,439,10,9,6,0,4
168,-30,97,-64,266,49,969,52,6,161,312,930,576,292,987,638,10,0,10,3,7
169,-10,88,-97,633,91,113,662,6,616,666,849,818,352,987,443,10,9,5,9,9
170,-80,89,-80,402,8,690,489,6,669,151,803,219,907,987,931,10,9,9,8,9
171,-88,91,-81,560,-92,784,34,6,344,902,378,213,879,987,806,10,2,10,10,8
172,38,84,-64,448,-55,433,851,6,9,420,56,690,748,987,279,10,3,6,6,7
173,-36,93,-55,802,-5,85,703,6,935,702,886,254,71,987,416,10,2,0,8,5
174,85,88,-77,286,32,669,307,6,243,415,66,17,40,987,99,10,10,8,3,3
175,94,81,-58,123,-87,114,122,6,596,636,57,527,474,987,342,10,3,3,3,8
176,-43,84,-77,510,-96,617,57,6,852,117,492,946,67,987,274,10,6,2,8,8
177,67,94,-89,915,51,531,812,6,572,464,69,546,636,987,57,10,0,2,8,1
178,61,87,-79,141,-77,455,643,6,539,224,747,906,122,987,333,10,8,7,2,8
179,-90,95,-97,536,-16,359,536,6,404,206,60,124,317,987,713,10,6,3,8,3
180,12,85,-86,711,17,658,493,6,643,644,24,32,683,987,485,10,5,9,6,8
181,75,84,-99,136,34,820,865,6,440,199,654,666,817,987,106,10,1,0,4,9
182,-87,91,-56,570,-10,200,172,6,299,806,899,118,1,987,690,10,3,4,5,4
183,-46,97,-78,663,17,164,286,6,637,431,397,534,898,987,134,10,2,7,5,0
184,78,85,-98,390,51,200,328,6,665,111,58,589,489,987,872,10,9,2,6,9
185,-37,90,-71,71,72,43,346,6,590,799,755,210,372,987,927,10,4,3,6,2
186,70,92,-98,813,11,670,697,6,820,851,226,348,798,987,602,10,9,4,0,0
187,-37,99,-62,160,-44,194,704,6,599,152,475,575,676,987,35,10,5,4,9,9
188,-11,90,-93,999,29,27,877,6,809,833,581,574,930,987,310,10,3,7,5,6
189,-96,98,-76,653,8,737,328,6,895,367,986,935,830,987,63,10,1,3,6,1
190,-51,88,-97,475,-18,83,139,6,946,901,598,834,194,987,982,10,2,7,5,0
191,18,85,-78,838,-28,489,208,6,595,909,733,657,60,987,339,10,1,8,2,3
192,46,90,-51,776,46,791,626,6,585,42,88,788,425,987,459,10,2,5,1,3
193,96,90,-69,371,43,721,168,6,602,697,711,299,375,987,864,10,10,2,7,6
194,-24,82,-59,307,-80,928,695,6,341,910,707,184,475,987,352,10,10,9,6,5
195,55,83,-87,700,64,206,512,6,110,793,28,743,581,987,285,10,7,8,8,6
196,26,92,-94,148,45,264,579,6,441,839,510,305,685,987,379,10,7,3,0,9
197,59,99,-61,817,75,462,73,6,311,269,825,966,99,987,653,10,1,8,3,2
198,59,89,-75,823,16,622,473,6,733,440,324,139,863,987,605,10,8,2,5,4
199,-67,100,-80,282,-99,221,741,6,81,265,738,357,141,987,803,10,1,8,8,8
200,-100,69,0,67,88,508,498,6,886,90,594,896,249,987,206,10,7,3,1,1
201,-70,-84,23,30,-79,998,912,6,976,589,318,324,492,987,718,10,3,7,6,2
202,38,49,-20,-50,49,95,704,6,129,396,174,309,74,987,210,10,8,3,3,4
203,43,25,-17,13,-52,319,689,6,282,955,482,142,507,987,793,10,2,7,1,5
204,-80,-78,13,40,33,342,198,6,247,402,253,549,866,987,443,10,1,6,2,6
205,-59,83,53,-27,-25,757,407,6,173,337,834,358,794,987,445,10,1,3,0,2
206,11,-84,30,-28,-5,375,602,6,905,95,555,955,153,987,889,10,6,3,8,10
207,68,61,-74,92,-18,872,180,6,693,494,44,631,394,987,339,10,7,9,7,2
208,-40,20,-17,61,19,60,541,6,921,174,292,607,262,987,454,10,5,4,10,3
209,-78,55,-11,-58,-37,428,159,6,170,291,642,106,331,987,271,10,5,2,8,2
210,-65,-60,27,19,8,309,107,6,382,817,788,209,898,987,592,10,9,0,2,4
211,60,-17,-71,-77,17,440,363,6,183,389,250,423,731,987,732,10,6,6,1,9
212,-19,-70,-55,74,-57,882,972,6,839,100,108,917,12,987,530,10,9,10,6,5
213,-76,23,95,-85,87,714,67,6,420,852,830,790,929,987,864,10,9,1,3,6
214,-46,81,-77,86,8,298,571,6,723,76,571,422,137,987,658,10,3,3,7,4
215,21,-20,-3,38,-27,850,239,6,821,743,113,959,180,987,872,10,6,6,7,1
216,-48,-7,-2,-74,-41,865,127,6,64,149,47,813,477,987,34,10,2,1,7,10
217,-15,73,80,11,6,592,264,6,304,200,910,492,731,987,815,10,8,4,4,2
218,22,-92,32,-66,40,305,676,6,813,578,951,312,393,987,917,10,3,8,4,5
219,-88,89,-14,-61,25,495,926,6,903,350,703,477,998,987,372,10,8,9,1,1
220,-73,-7,51,5,41,86,834,6,663,774,256,38,243,987,23,10,5,10,3,8
221,-50,54,61,-91,33,212,490,6,327,652,129,301,8,987,383,10,5,10,7,8
222,-33,-59,20,1,-61,202,166,6,460,679,199,555,188,987,428,10,1,1,10,7
223,2,-81,-97,-5,-25,745,463,6,895,789,200,31,688,987,926,10,0,8,2,8
224,-25,-85,6,-41,65,742,629,6,175,80,416,679,958,987,317,10,9,4,2,4
225,39,-81,72,-90,-23,470,632,6,563,916,802,700,186,987,358,10,3,2,3,2
226,-58,12,-84,-91,-28,366,938,6,908,100,756,240,997,987,411,10,2,8,1,7
227,-87,92,35,0,10,963,271,6,892,698,400,886,985,987,432,10,8,4,5,3
228,-31,22,-18,-81,40,116,179,6,559,487,49,240,176,987,170,10,0,3,1,7
229,-21,72,-74,-98,-51,421,352,6,326,449,68,355,240,987,95,10,8,7,10,2
230,-9,-13,-10,70,55,377,581,6,629,437,116,219,840,987,760,10,7,3,1,9
231,-18,57,59,79,45,507,728,6,879,769,770,983,237,987,530,10,9,9,6,8
232,89,-81,94,-95,67,323,590,6,336,596,145,205,385,987,137,10,9,8,7,6
233,-43,-94,48,43,7,955,962,6,271,859,639,115,352,987,198,10,4,8,5,5
234,48,3,-39,5,-99,39,156,6,809,466,646,199,377,987,199,10,2,5,8,2
235,49,-56,-49,45,54,413,794,6,714,110,202,138,814,987,559,10,5,6,2,7
236,50,25,20,-60,-46,107,84,6,875,603,388,388,338,987,196,10,3,8,9,9
237,-13,-85,-20,46,-36,994,367,6,893,621,51,939,263,987,75,10,6,2,5,3
238,-55,6,-87,22,-28,400,369,6,929,52,328,751,337,987,980,10,4,7,6,7
239,-96,44,70,77,90,983,925,6,186,272,435,374,517,987,569,10,5,2,4,3
240,47,16,33,6,96,333,830,6,552,75,931,877,723,987,961,10,4,9,7,7
241,-13,-25,-67,86,-17,210,716,6,754,652,832,395,803,987,846,10,6,2,8,6
242,77,-17,95,-18,10,170,989,6,153,455,539,1000,201,987,718,10,1,8,5,5
243,-56,-83,-49,-64,-41,75,128,6,540,137,841,754,146,987,485,10,2,6,8,9
244,-54,-36,27,-42,4,696,488,6,541,569,425,354,174,987,308,10,9,9,3,1
245,-17,23,23,-54,95,434,30,6,929,825,991,533,672,987,912,10,3,2,10,1
246,-2,4,22,21,-55,397,705,6,160,700,124,841,308,987,414,10,4,7,1,5
247,-99,63,62,59,62,927,736,6,431,767,267,249,964,987,742,10,4,6,9,4
248,27,36,-75,-11,94,993,330,6,293,51,446,430,935,987,282,10,9,3,6,2
249,-19,30,-90,67,1,640,485,6,240,966,119,417,143,987,336,10,8,10,7,10
250,-7,-54,-74,-69,-48,590,857,6,406,280,796,790,318,987,312,10,7,3,4,4
251,-73,-89,32,-87,-77,360,618,6,449,825,405,640,108,987,757,10,2,1,4,3
252,-90,-27,-71,-25,-47,530,819,6,717,188,724,964,779,987,797,10,6,0,4,8
253,-69,4,80,27,-35,171,762,6,240,157,181,927,563,987,372,10,3,3,4,7
254,27,-27,24,29,28,401,580,6,960,479,81,824,10,987,719,10,2,5,9,8
255,-82,84,-31,-94,-8,114,803,6,854,576,195,673,129,987,52,10,0,3,7,1
256,-50,78,-86,82,40,628,366,6,940,293,581,476,443,987,796,10,6,9,8,1
257,-60,23,51,-1,-93,436,559,6,772,946,171,948,700,987,319,10,7,5,4,9
258,-86,62,-51,-91,-44,617,954,6,476,912,734,900,437,987,37,10,8,3,1,1
259,-50,-20,-63,65,29,207,146,6,724,531,662,920,930,987,298,10,8,8,0,10
260,-53,-86,-21,79,-48,533,733,6,205,937,676,1,647,987,484,10,8,10,3,1
261,14,56,-25,20,53,265,174,6,992,885,146,74,39,987,69,10,8,1,6,8
262,-50,51,93,-51,-29,203,932,6,158,422,683,563,645,987,492,10,4,7,5,9
263,48,-92,-67,-14,48,865,87,6,123,999,34,290,225,987,701,10,7,9,9,8
264,-55,-60,-37,23,-62,124,712,6,489,381,33,416,864,987,717,10,6,9,6,4
265,-87,-8,-37,83,35,891,45,6,48,743,962,795,667,987,777,10,10,7,10,4
266,-86,32,-71,-44,-30,6,902,6,18,545,947,950,109,987,617,10,7,1,2,7
267,-4,51,-97,-98,13,931,497,6,872,478,906,610,299,987,26,10,8,8,3,1
268,-26,-87,-71,-93,-67,549,962,6,85,23,637,329,526,987,869,10,5,3,1,6
269,24,-77,18,47,62,883,391,6,266,136,359,164,220,987,41,10,4,3,7,1
270,-80,-30,97,-77,59,812,233,6,418,168,399,791,600,987,247,10,6,4,6,5
271,47,14,-53,45,12,103,760,6,759,696,849,422,459,987,359,10,8,2,3,7
272,54,-79,-14,-26,19,666,282,6,305,486,4,277,905,987,942,10,9,9,4,9
273,-76,-86,15,-45,-87,214,171,6,332,862,587,813,210,987,404,10,9,4,8,4
274,85,58,-18,16,36,665,669,6,192,576,484,240,500,987,854,10,5,10,10,1
275,-56,-53,31,92,-12,639,705,6,779,234,978,798,363,987,970,10,10,3,2,2
276,2,78,56,42,-83,548,479,6,224,311,396,628,716,987,146,10,1,3,10,4
277,37,53,37,4,-26,573,743,6,354,942,760,102,743,987,719,10,7,8,5,7
278,-65,-54,10,6,-64,767,195,6,154,530,683,155,202,987,254,10,9,1,5,2
279,-1,53,-37,-51,52,435,423,6,97,629,815,853,64,987,856,10,10,3,7,4
280,-28,45,-25,95,-65,513,478,6,295,633,306,103,633,987,891,10,9,6,5,0
281,-87,-26,60,-7,-24,560,750,6,681,768,499,73,781,987,484,10,1,4,2,3
282,8,10,20,40,-43,9,482,6,979,65,108,758,260,987,96,10,9,8,8,9
283,60,78,38,6,-20,841,512,6,864,409,577,298,437,987,181,10,2,8,5,8
284,83,7,53,-8,20,229,220,6,731,599,111,463,886,987,664,10,3,6,9,1
285,3,-45,42,55,-78,62,255,6,807,37,491,840,187,987,841,10,2,8,5,3
286,91,38,10,78,33,820,959,6,556,849,273,367,620,987,572,10,6,8,3,3
287,87,-31,-4,22,-48,343,327,6,25,949,686,274,889,987,846,10,9,1,5,7
288,52,-60,-49,71,-37,465,74,6,131,785,303,21,17,987,411,10,6,9,5,5
289,-78,87,-29,71,82,445,154,6,110,467,720,932,836,987,815,10,4,8,3,9
290,-3,-44,42,21,2,783,646,6,662,696,317,361,204,987,972,10,1,2,0,9
291,-50,-22,-52,55,-77,817,966,6,665,504,611,312,967,987,132,10,7,9,9,8
292,-10,-4,4,-50,2,745,606,6,832,505,846,773,399,987,868,10,2,1,3,4
293,-97,-44,24,77,-13,32,727,6,245,325,970,145,508,987,893,10,7,2,6,2
294,-12,14,78,-21,44,804,519,6,480,909,987,60,746,987,870,10,9,1,6,9
295,18,-40,-21,32,85,15,469,6,126,105,653,545,987,987,632,10,1,1,0,1
296,96,10,26,98,-40,811,218,6,375,206,245,591,821,987,906,10,1,2,1,8
297,64,78,16,-69,-8,679,338,6,957,326,458,469,278,987,816,10,7,9,2,7
298,96,16,99,19,-72,522,58,6,715,490,534,840,344,987,870,10,3,4,3,2
299,96,73,-56,-47,52,912,814,6,435,541,960,709,808,987,519,10,4,9,7,8
300,-60,-20,-76,28,23,449,519,6,34,884,285,830,822,987,160,10,0,7,1,9
301,79,48,-90,92,30,410,989,6,918,640,848,239,937,987,171,10,2,8,10,8
302,85,-14,-76,-70,-46,557,839,6,350,234,212,707,331,987,528,10,6,6,2,1
303,-91,49,70,67,16,324,741,6,534,556,370,854,838,987,285,10,4,4,7,2
304,-81,24,44,44,38,437,144,6,672,728,198,871,521,987,419,10,4,7,7,1
305,-95,17,87,-64,46,544,571,6,459,445,867,620,2,987,627,10,3,1,0,5
306,-91,79,81,-51,77,238,320,6,789,945,171,569,509,987,427,10,1,7,1,3
307,38,-73,28,2,36,695,783,6,595,450,182,792,760,987,48,10,6,0,10,9
308,-21,-7,67,51,97,702,195,6,541,97,516,959,4,987,43,10,1,7,10,1
309,85,97,97,-11,73,437,35,6,105,109,125,87,61,987,912,10,8,4,5,5
310,2,17,57,83,54,64,425,6,809,278,685,180,565,987,155,10,9,7,5,10
311,93,18,-5,8,70,842,619,6,46,906,848,156,423,987,740,10,3,1,2,7
312,97,-5,-81,-16,91,423,125,6,226,652,418,720,274,987,974,10,8,8,3,9
313,17,79,-97,46,43,979,37,6,886,801,203,864,733,987,777,10,4,7,6,6
314,-86,98,-35,-20,-98,839,667,6,714,904,226,308,453,987,448,10,2,7,2,9
315,3,47,41,5,46,583,853,6,515,158,565,442,218,987,651,10,9,3,1,1
316,-85,51,81,-23,-7,89,160,6,435,200,817,64,394,987,702,10,7,4,6,7
317,-40,-40,-19,-32,4,134,686,6,856,972,291,351,762,987,649,10,1,4,5,10
318,-64,-14,-21,-7,2,574,713,6,814,730,186,281,504,987,695,10,2,5,1,3
319,-29,-98,10,-15,33,218,430,6,96,166,606,473,473,987,396,10,0,10,8,3
320,-14,46,13,32,40,169,853,6,908,488,556,44,989,987,917,10,8,7,8,7
321,96,17,17,-7,-37,785,671,6,150,634,938,259,751,987,899,10,2,9,4,4
322,61,-94,-96,-90,-67,709,935,6,514,516,133,751,932,987,195,10,3,8,3,9
323,-95,14,65,8,-14,745,737,6,238,223,837,961,844,987,244,10,4,8,7,3
324,-44,-69,96,5,23,644,254,6,669,954,870,156,756,987,962,10,7,9,4,8
325,-14,11,79,-66,21,490,596,6,86,733,276,191,523,987,558,10,5,7,4,4
326,-17,42,-71,-26,54,475,877,6,711,299,737,175,777,987,263,10,4,10,4,1
327,-38,-93,29,-11,0,443,76,6,204,328,658,799,69,987,59,10,4,5,5,5
328,-43,42,-13,100,-57,589,584,6,932,257,949,588,629,987,814,10,7,4,5,7
329,50,83,-20,15,-70,362,184,6,807,800,317,208,654,987,42,10,2,8,10,0
330,-46,-37,-97,41,-92,978,649,6,126,82,355,996,792,987,266,10,8,3,3,1
331,-77,-5,-13,-12,-35,102,255,6,641,169,91,102,522,987,599,10,8,9,7,9
332,36,88,64,2,-94,52,104,6,516,782,701,782,225,987,487,10,7,1,6,1
333,-13,79,37,-90,-80,632,239,6,26,895,593,625,244,987,134,10,3,7,6,2
334,-28,-11,-69,2,-18,150,316,6,292,512,740,35,518,987,187,10,6,7,2,2
335,30,-67,73,-7,-20,118,648,6,60,839,561,531,766,987,76,10,7,7,10,9
336,-48,-22,54,-61,53,175,432,6,966,405,869,752,415,987,673,10,1,9,3,6
337,-62,38,-1,2,2,422,144,6,953,117,909,435,240,987,569,10,1,4,6,8
338,47,-54,-55,59,-44,383,602,6,203,871,368,921,304,987,49,10,8,7,2,1
339,-63,-63,49,26,25,285,482,6,233,333,49,430,87,987,496,10,1,3,5,5
340,29,-72,-15,-82,-11,696,383,6,605,456,293,418,72,987,379,10,6,6,3,6
341,-97,68,53,77,-19,747,334,6,952,691,698,379,116,987,746,10,7,5,9,8
342,-5,66,-36,-30,43,65,246,6,134,971,481,195,764,987,986,10,9,2,6,2
343,52,-62,73,-78,68,707,685,6,52,372,29,746,644,987,542,10,10,2,5,8
344,-59,-55,-52,-12,-98,279,268,6,20,895,648,338,687,987,457,10,9,2,1,2
345,91,65,-96,-51,71,731,774,6,485,533,623,513,764,987,731,10,1,3,1,9
346,81,12,26,-95,-74,124,960,6,117,19,270,447,723,987,947,10,1,2,1,3
347,12,37,-57,45,-25,356,227,6,442,392,939,947,188,987,324,10,8,3,9,4
348,-73,-59,64,88,81,245,80,6,863,180,77,771,506,987,607,10,8,5,4,10
349,-55,-71,-25,-45,-89,641,24,6,822,642,224,631,17,987,938,10,8,0,6,7
350,49,-95,64,29,93,307,647,6,389,286,752,824,382,987,523,10,4,9,9,7
351,-88,-49,0,-92,56,531,726,6,697,435,836,379,985,987,558,10,5,2,2,5
352,5,-44,74,-76,61,167,451,6,125,811,198,374,287,987,315,10,5,7,5,4
353,84,-40,27,45,-17,678,163,6,743,693,360,924,70,987,403,10,9,10,0,7
354,13,-89,84,69,-43,629,936,6,263,799,912,920,390,987,756,10,8,6,1,0
355,-99,-96,22,-65,-67,76,544,6,249,180,637,103,108,987,51,10,9,3,8,0
356,76,-7,-6,-57,-70,742,258,6,5,684,302,919,65,987,710,10,8,5,2,5
357,52,30,-51,47,64,469,979,6,15,88,179,335,542,987,867,10,8,9,4,3
358,-76,92,-57,-56,-99,241,744,6,856,261,654,137,904,987,629,10,1,3,9,10
359,-84,29,-98,-63,88,468,593,6,99,221,218,155,715,987,141,10,0,1,8,3
360,61,-44,-27,-78,-49,124,977,6,132,372,572,974,394,987,419,10,4,10,3,9
361,60,61,-13,-20,-89,433,876,6,541,971,80,211,585,987,915,10,3,9,9,3
362,93,17,46,17,-53,573,634,6,873,188,964,84,745,987,256,10,2,9,2,2
363,-1,67,-9,-47,-80,739,846,6,308,977,286,708,403,987,296,10,3,7,6,0
364,-60,-60,79,5,43,364,831,6,563,427,442,883,981,987,731,10,9,3,3,6
365,29,-53,-23,-94,-28,179,681,6,150,687,783,105,543,987,25,10,1,10,8,5
366,-62,-7,-56,-88,-16,19,729,6,3,416,416,156,323,987,294,10,6,1,2,4
367,7,-67,35,-68,-92,647,858,6,93,53,121,592,156,987,957,10,5,4,0,4
368,-29,98,93,77,99,996,609,6,324,309,820,817,434,987,978,10,9,0,7,0
369,-15,9,31,33,31,383,603,6,753,990,163,866,35,987,345,10,1,8,10,4
370,-25,63,83,-53,-13,702,78,6,409,572,791,764,207,987,808,10,8,1,2,6
371,52,31,-6,-90,83,505,851,6,423,814,446,858,586,987,72,10,6,2,7,1
372,-43,-93,-98,-97,58,540,495,6,726,55,852,695,483,987,407,10,2,1,9,3
373,-21,-53,0,-16,27,702,50,6,462,655,97,328,450,987,289,10,3,4,1,9
374,17,95,61,-31,79,940,280,6,617,456,250,224,10,987,570,10,2,0,1,1
375,10,16,87,74,41,860,540,6,281,4,324,714,106,987,646,10,4,0,4,2
376,-2,6,79,51,-13,95,335,6,435,412,131,661,994,987,919,10,8,2,2,6
377,-23,56,67,-32,54,835,780,6,994,158,43,197,397,987,570,10,10,5,2,2
378,95,-30,92,-15,-70,964,377,6,332,314,855,500,787,987,173,10,6,3,6,8
379,47,26,87,-49,-80,94,387,6,265,32,262,462,557,987,136,10,2,2,2,5
380,61,27,30,92,76,555,443,6,621,106,97,92,332,987,699,10,5,6,7,4
381,-52,3,-40,98,97,619,550,6,790,390,368,133,343,987,539,10,5,8,9,9
382,-61,-62,-78,-15,64,64,304,6,546,201,529,977,9,987,852,10,7,6,4,2
383,-28,-90,-6,-16,-25,736,760,6,117,846,854,862,261,987,678,10,7,8,6,10
384,96,-6,59,-61,-19,410,127,6,204,982,913,822,555,987,13,10,7,1,0,6
385,-15,-57,-14,-71,11,665,369,6,515,658,781,664,477,987,142,10,4,10,2,7
386,74,-63,32,10,20,826,263,6,937,892,945,615,310,987,292,10,3,6,8,4
387,-37,57,18,-14,80,710,646,6,443,38,98,65,3,987,841,10,0,4,0,5
388,-74,-20,-57,84,-44,466,271,6,396,685,67,126,396,987,762,10,8,4,4,8
389,-5,56,-5,59,33,123,158,6,811,282,936,43,146,987,441,10,0,1,2,6
390,20,-22,-2,46,94,652,202,6,217,591,896,802,420,987,483,10,3,6,5,9
391,-15,-36,85,-42,97,303,486,6,919,158,401,470,620,987,400,10,9,3,7,5
392,65,70,-59,-35,7,883,844,6,715,261,909,990,166,987,123,10,8,8,4,7
393,99,-83,59,59,85,775,497,6,121,788,562,169,728,987,979,10,7,1,0,2
394,0,89,56,-90,79,499,933,6,392,768,730,825,991,987,701,10,9,4,0,3
395,-43,36,94,-97,5,863,980,6,180,466,127,997,869,987,356,10,1,2,5,9
396,-87,-61,-45,-32,28,534,617,6,572,245,734,340,372,987,896,10,7,10,3,9
397,16,-77,-49,100,61,888,589,6,945,2,691,175,360,987,422,10,9,5,1,5
398,-88,27,97,-5,86,565,997,6,906,358,43,485,591,987,167,10,8,5,7,2
399,-9,-2,-53,-41,64,420,899,6,642,718,168,993,332,987,885,10,2,6,2,9
400,87,81,-71,78,-56,568,227,6,360,482,377,563,713,987,322,10,1,8,9,8
401,58,80,26,35,67,832,648,6,132,201,916,47,783,987,384,10,2,10,7,10
402,-2,38,63,73,39,19,927,6,168,796,198,335,767,987,112,10,7,1,3,8
403,60,21,4,10,-18,191,570,6,881,16,606,79,115,987,670,10,8,3,2,6
404,93,-76,22,18,80,565,511,6,932,381,42,126,556,987,866,10,4,5,6,6
405,-35,-65,84,-93,68,898,323,6,517,960,768,822,955,987,814,10,9,9,6,2
406,3,-14,-78,-32,-29,53,446,6,215,469,215,682,105,987,955,10,5,10,7,4
407,90,-67,55,99,-15,272,320,6,864,765,682,704,499,987,751,10,10,6,1,5
408,-60,12,6,36,-69,503,95,6,648,87,391,438,483,987,886,10,1,10,0,3
409,-72,54,-45,86,44,433,929,6,783,767,710,732,737,987,882,10,6,6,2,5
410,-99,78,-63,-8,38,176,885,6,123,949,809,113,571,987,208,10,1,5,8,7
411,98,53,-39,-75,-55,957,838,6,792,366,799,493,726,987,13,10,6,6,8,6
412,78,81,-88,-49,51,671,556,6,631,222,544,533,579,987,411,10,3,9,6,4
413,-19,-75,100,83,-28,367,970,6,788,941,164,132,422,987,961,10,9,1,5,5
414,25,-43,14,-83,85,741,570,6,275,991,554,840,263,987,78,10,4,8,5,7
415,-44,-36,43,-18,41,757,952,6,193,314,376,762,238,987,486,10,0,3,6,2
416,11,27,87,42,10,592,396,6,753,677,445,229,710,987,950,10,4,6,2,9
417,80,84,-61,-2,-28,701,318,6,798,74,86,450,627,987,349,10,6,4,1,8
418,-90,49,54,75,-50,235,923,6,385,753,392,580,90,987,796,10,4,1,5,5
419,37,-96,33,20,79,858,129,6,810,175,871,68,52,987,984,10,1,5,2,5
420,35,99,-21,-81,-59,133,916,6,967,100,374,980,350,987,948,10,7,3,6,2
421,-23,-97,-32,-13,92,311,925,6,127,687,116,764,300,987,345,10,9,5,0,0
422,-83,-99,74,31,27,517,785,6,973,724,613,797,46,987,850,10,7,8,4,5
423,-84,-26,-97,-72,-60,767,474,6,965,496,727,601,938,987,110,10,5,8,8,7
424,-17,-29,-35,-2,-7,984,329,6,873,553,569,61,419,987,931,10,2,3,6,10
425,-25,-4,-43,-79,6,765,708,6,894,247,145,525,275,987,742,10,1,4,6,5
426,-59,-86,-79,73,42,784,647,6,430,716,24,478,788,987,497,10,5,8,2,8
427,-31,-22,-52,99,13,4,48,6,257,220,921,643,1,987,686,10,7,7,5,9
428,21,12,-47,-11,5,559,217,6,39,732,214,646,821,987,22,10,4,3,6,8
429,70,-56,-35,98,-32,785,685,6,752,663,302,143,538,987,12,10,8,2,10,4
430,-53,-37,37,32,46,730,352,6,164,135,432,590,70,987,35,10,1,3,9,8
431,24,29,-62,-36,58,950,195,6,64,652,343,159,247,987,786,10,6,10,9,2
432,79,31,-44,-35,-11,901,268,6,86,879,972,879,263,987,231,10,7,1,9,7
433,84,52,36,-42,69,115,54,6,313,847,324,105,277,987,207,10,5,9,7,10
434,21,24,-36,10,0,61,42,6,243,837,945,925,975,987,496,10,1,10,5,0
435,38,-85,-41,-80,45,639,102,6,391,875,100,306,298,987,564,10,5,1,1,7
436,2,57,-98,53,-61,375,486,6,781,121,606,368,486,987,915,10,6,8,9,10
437,-83,-15,-80,-61,-53,19,577,6,845,268,469,266,154,987,428,10,5,7,8,5
438,-16,87,-37,5,93,130,605,6,153,700,759,916,679,987,806,10,1,1,7,2
439,-51,64,-35,86,75,367,32,6,827,159,715,128,830,987,699,10,9,5,4,9
440,8,83,9,58,-48,295,960,6,434,743,964,106,250,987,236,10,3,4,5,3
441,-46,38,5,89,-71,510,687,6,614,876,708,996,212,987,712,10,1,1,2,8
442,42,-90,6,-86,93,61,103,6,428,161,485,329,198,987,450,10,6,1,1,2
443,64,-7,-57,29,-86,494,919,6,360,167,834,887,934,987,861,10,4,8,3,6
444,3,64,-99,21,-55,553,380,6,809,941,331,988,210,987,401,10,5,8,8,2
445,-27,-38,98,82,16,135,584,6,681,616,812,591,741,987,787,10,2,1,3,1
446,34,56,-30,88,67,54,953,6,604,894,126,766,776,987,369,10,4,4,3,6
447,53,-74,4,-13,-8,136,463,6,529,849,667,549,362,987,19,10,9,5,2,2
448,-40,48,3,-70,41,247,336,6,38,494,823,755,745,987,950,10,1,4,3,6
449,6,-39,4,-93,68,674,47,6,477,760,830,494,646,987,477,10,9,6,3,6
450,69,83,-90,94,12,915,637,6,421,557,920,76,922,987,348,10,10,2,5,5
451,11,-92,32,82,43,277,153,6,438,20,958,273,808,987,133,10,9,6,10,5
452,16,-90,76,-22,-97,529,955,6,675,97,520,454,216,987,330,10,2,8,5,9
453,93,-74,-44,87,-92,167,921,6,214,593,122,158,287,987,85,10,7,2,4,5
454,-89,-67,-44,-59,3,565,705,6,491,252,438,219,697,987,874,10,3,1,7,0
455,-66,65,-70,32,-38,379,561,6,606,875,180,724,433,987,740,10,3,0,1,3
456,-93,-57,-59,88,44,193,108,6,306,688,968,957,112,987,913,10,8,9,5,4
457,58,87,-98,-89,87,692,718,6,153,482,530,27,440,987,796,10,5,2,6,0
458,61,17,-89,53,58,320,745,6,642,301,126,863,401,987,240,10,8,10,9,4
459,27,-41,-77,61,-3,850,172,6,699,197,129,593,782,987,99,10,2,4,0,6
460,-35,-23,60,-30,82,264,116,6,334,366,764,618,113,987,368,10,7,7,6,7
461,-17,61,25,25,80,469,440,6,252,184,370,36,823,987,62,10,8,8,0,10
462,-15,-41,14,-15,-34,603,63,6,19,255,262,694,975,987,648,10,7,5,3,4
463,73,32,-97,99,93,931,679,6,570,909,185,526,706,987,28,10,6,8,1,3
464,-12,10,-48,-58,-57,88,260,6,72,958,391,269,345,987,954,10,9,4,6,2
465,-43,-51,9,-17,-55,795,624,6,962,729,327,49,626,987,756,10,1,1,10,3
466,6,2,-66,20,-93,795,461,6,949,764,886,18,585,987,62,10,8,7,4,4
467,37,80,35,-92,30,250,827,6,475,395,560,686,232,987,687,10,2,7,8,8
468,99,-13,38,67,31,154,993,6,674,656,604,946,687,987,520,10,9,2,5,2
469,-93,56,-52,8,-49,992,113,6,184,106,944,589,195,987,531,10,7,2,2,1
470,-15,46,-30,-74,80,345,106,6,435,265,857,988,987,987,250,10,7,10,3,7
471,-62,-49,-6,29,-37,88,612,6,589,642,935,987,373,987,233,10,8,10,0,3
472,30,-93,-77,33,-96,848,463,6,443,732,301,705,5,987,94,10,5,3,7,1
473,-34,-6,-43,90,31,487,415,6,298,2,646,728,806,987,809,10,3,6,3,0
474,43,17,70,-74,17,249,908,6,920,382,920,354,794,987,321,10,1,6,10,4
475,-6,-79,10,-60,-29,389,690,6,703,633,58,852,929,987,148,10,1,6,3,8
476,-83,23,-62,-98,-57,178,601,6,500,521,97,208,584,987,458,10,1,10,5,7
477,35,-13,73,63,-40,743,803,6,336,24,679,493,759,987,149,10,0,4,7,3
478,0,-64,-79,49,2,67,359,6,261,458,63,672,926,987,359,10,2,6,1,10
479,70,-1,-75,94,94,54,776,6,691,933,390,557,258,987,34,10,4,7,8,10
480,25,72,-76,-95,8,222,308,6,429,954,448,310,832,987,822,10,2,1,3,10
481,40,28,-13,-93,3,55,792,6,816,458,765,417,525,987,146,10,3,4,5,3
482,-14,21,74,75,0,614,634,6,533,293,499,797,253,987,901,10,9,3,3,2
483,-33,90,2,89,39,739,550,6,888,637,163,241,219,987,266,10,9,3,6,7
484,81,80,-76,-18,67,535,453,6,857,473,326,572,159,987,203,10,7,1,6,4
485,-2,-75,30,48,10,311,230,6,291,576,170,244,211,987,571,10,9,7,7,0
486,41,62,34,-17,-97,521,703,6,781,33,778,381,836,987,297,10,5,3,8,3
487,38,49,85,55,-15,929,179,6,619,49,462,474,63,987,864,10,7,5,3,6
488,-70,-69,-77,-84,48,604,831,6,363,130,938,163,857,987,773,10,6,2,2,10
489,-99,94,-29,28,-94,892,786,6,544,354,251,830,425,987,313,10,6,7,1,7
490,-81,-53,17,37,17,984,769,6,494,724,429,964,927,987,518,10,4,7,8,0
491,95,-13,-60,-21,89,687,293,6,802,583,419,238,758,987,867,10,3,6,3,8
492,-31,-17,-45,7,-26,719,773,6,499,715,775,3,196,987,169,10,7,3,10,2
493,-5,-36,43,-58,-28,328,958,6,554,963,912,304,640,987,399,10,1,9,6,5
494,99,-81,37,36,-47,75,827,6,4,52,343,479,793,987,6,10,8,3,7,4
495,-67,24,-96,40,35,316,805,6,641,102,525,676,855,987,484,10,1,3,4,7
496,18,84,-98,29,-12,822,913,6,317,353,986,899,91,987,40,10,3,9,6,4
497,98,-20,-56,92,-53,1000,712,6,639,889,575,844,552,987,493,10,3,7,2,2
498,41,64,-59,7,-31,630,85,6,721,815,720,229,941,987,646,10,5,3,5,1
499,27,48,-61,-6,-68,287,284,6,915,337,332,397,99,987,113,10,2,4,2,8
500,-69,-66,28,69,98,75,670,6,937,405,653,296,332,987,281,10,7,7,8,8
501,56,55,37,37,97,468,626,6,873,525,475,415,452,987,276,10,9,5,2,8
502,57,-57,-95,-83,30,998,299,6,327,243,925,703,285,987,363,10,3,3,2,6
503,-4,39,-43,-22,37,244,475,6,33,714,563,562,511,987,233,10,6,1,4,2
504,-2,95,61,-41,-47,856,775,6,999,663,273,392,744,987,167,10,10,0,7,4
505,58,77,-30,88,-61,278,619,6,900,200,531,13,92,987,142,10,9,7,7,10
506,68,-86,0,-41,79,160,10,6,447,378,567,558,252,987,758,10,5,6,8,9
507,-50,-91,-2,-15,86,359,878,6,140,278,770,727,927,987,422,10,7,5,1,5
508,-53,87,22,-78,-90,683,96,6,112,164,459,383,428,987,194,10,6,0,3,3
509,92,7,-30,51,-71,479,666,6,521,875,795,982,947,987,581,10,5,8,8,2
510,-16,-82,-50,-41,-83,923,15,6,182,449,395,313,226,987,724,10,8,9,1,9
511,-73,10,-36,52,-37,362,119,6,167,734,914,534,133,987,313,10,2,10,1,3
512,4,18,-32,3,15,587,477,6,637,318,346,305,57,987,931,10,6,7,6,1
513,-28,79,47,-57,-4,654,810,6,180,661,633,628,581,987,230,10,5,0,3,10
514,-87,-34,-17,-36,72,763,388,6,798,427,359,476,389,987,212,10,0,5,3,0
515,-36,82,10,-41,-12,52,870,6,209,817,878,878,443,987,790,10,5,0,6,1
516,-47,-82,27,42,12,659,739,6,417,277,552,338,331,987,549,10,10,2,9,3
517,-59,-97,24,61,-15,769,187,6,811,317,480,57,314,987,289,10,2,2,9,4
518,-86,-44,-11,-75,-23,679,162,6,370,508,735,37,595,987,318,10,6,7,1,0
519,-71,45,-73,86,-37,379,195,6,507,304,273,877,570,987,315,10,9,3,5,7
520,98,70,-9,-22,-55,227,657,6,652,39,774,781,658,987,579,10,5,8,7,6
521,-30,-99,72,-69,42,260,341,6,690,325,36,630,135,987,712,10,8,9,7,1
522,-52,79,85,60,-52,669,339,6,140,651,85,435,516,987,327,10,9,2,4,10
523,74,-6,90,0,32,664,154,6,274,189,863,321,709,987,629,10,5,9,4,8
524,-15,-39,93,84,92,103,70,6,368,286,244,935,733,987,825,10,0,0,3,10
525,-25,81,83,65,-44,675,631,6,634,752,359,587,550,987,863,10,6,4,1,6
526,7,94,-59,-49,63,60,302,6,619,963,70,535,963,987,938,10,3,7,5,7
527,86,19,29,-52,59,732,983,6,403,600,630,852,752,987,792,10,8,4,4,5
528,88,26,54,79,55,719,687,6,733,782,440,238,59,987,591,10,7,10,9,3
529,60,-86,99,-1,75,996,415,6,964,141,634,464,895,987,343,10,10,9,1,4
530,-64,1,-4,76,-61,864,869,6,889,861,749,384,732,987,867,10,1,3,9,1
531,39,-92,90,-56,81,224,95,6,444,90,36,787,328,987,548,10,6,2,2,6
532,60,-93,98,28,-54,511,344,6,540,765,149,619,965,987,313,10,3,2,0,9
533,-12,-69,38,43,59,928,309,6,433,657,419,440,383,987,136,10,4,4,2,0
534,-23,-96,-37,-60,-26,327,118,6,584,86,683,86,82,987,264,10,1,6,8,5
535,-66,54,-22,72,67,950,964,6,929,198,901,683,416,987,198,10,10,3,5,10
536,68,-15,24,-72,-10,740,817,6,240,113,604,340,780,987,901,10,1,10,4,6
537,16,81,5,-61,84,959,213,6,862,503,616,219,633,987,283,10,3,8,4,2
538,-49,-68,-57,-63,93,900,300,6,894,347,672,851,552,987,200,10,5,6,1,5
539,-84,7,80,-85,-24,103,222,6,601,315,159,903,490,987,42,10,7,3,1,5
540,18,-66,99,-33,79,556,443,6,228,700,637,421,376,987,160,10,1,0,10,7
541,10,50,-52,-68,-15,774,877,6,918,992,126,16,606,987,394,10,10,3,4,2
542,65,-38,27,-55,74,598,489,6,786,387,17,942,241,987,682,10,8,8,0,2
543,-15,74,29,-76,-87,767,987,6,156,247,749,525,903,987,946,10,3,7,7,9
544,-93,75,93,-27,1,32,306,6,83,191,843,171,640,987,706,10,3,9,5,3
545,5,31,19,-42,-46,939,232,6,191,634,179,391,347,987,97,10,4,3,2,5
546,-17,89,-35,-7,99,101,636,6,892,827,822,234,786,987,308,10,8,4,8,0
547,-17,71,88,54,70,313,525,6,774,646,471,188,392,987,714,10,8,1,3,4
548,24,26,4,32,-41,726,441,6,80,814,551,609,425,987,508,10,6,1,4,0
549,-15,62,-38,19,1,986,579,6,584,992,836,57,119,987,682,10,7,0,3,1
550,67,48,-5,48,57,104,873,6,765,983,244,756,734,987,294,10,2,2,9,2
551,-61,-68,-23,-30,-65,706,349,6,107,635,396,459,689,987,243,10,2,7,3,2
552,16,91,34,-28,54,108,2,6,512,721,674,66,1,987,110,10,2,5,9,1
553,-27,53,-60,87,25,71,274,6,632,873,397,279,219,987,830,10,8,6,8,1
554,58,52,67,-91,41,413,909,6,549,473,985,761,603,987,305,10,9,1,1,1
555,-74,-5,38,39,-86,837,15,6,729,307,372,782,286,987,654,10,5,1,9,6
556,-26,68,9,16,-83,675,615,6,871,294,197,628,750,987,847,10,3,8,0,9
557,50,-11,-43,38,-24,806,419,6,208,317,568,447,457,987,847,10,0,3,5,1
558,-11,65,-68,-72,8,179,887,6,225,40,619,956,282,987,412,10,3,3,10,2
559,-24,24,10,53,-70,185,966,6,358,347,13,61,73,987,942,10,1,6,5,1
560,45,-79,45,-60,-75,330,160,6,298,861,905,449,238,987,523,10,6,2,2,1
561,-2,-44,-48,24,3,257,348,6,588,509,682,283,60,987,850,10,8,1,1,6
562,66,58,34,99,80,864,228,6,113,20,733,482,505,987,677,10,2,9,7,9
563,-41,39,62,-71,77,718,85,6,688,934,918,982,769,987,759,10,2,9,4,1
564,87,27,65,4,38,107,19,6,42,580,386,986,314,987,730,10,3,2,1,9
565,87,47,89,90,-47,178,333,6,746,528,996,885,237,987,733,10,3,3,1,5
566,89,-58,-77,80,-40,684,139,6,543,720,274,451,297,987,694,10,2,3,4,9
567,-31,-65,79,89,62,116,37,6,278,982,59,858,584,987,654,10,4,8,7,10
568,-21,-3,1,3,-1,48,438,6,917,254,23,250,432,987,385,10,9,2,7,10
569,43,-76,97,56,1,213,380,6,718,651,459,336,695,987,242,10,8,4,5,7
570,-28,96,-1,-77,80,614,899,6,360,829,460,208,382,987,467,10,8,5,1,3
571,2,-32,53,61,-54,475,297,6,831,872,395,396,94,987,225,10,0,1,8,9
572,31,-11,-83,-26,26,557,254,6,593,55,856,522,694,987,840,10,3,2,7,1
573,71,-75,15,10,-13,907,540,6,175,466,70,585,958,987,650,10,9,1,2,6
574,-6,-13,26,43,57,182,466,6,92,764,580,96,986,987,720,10,1,7,1,4
575,-44,-98,-65,-60,-95,497,658,6,622,756,411,863,802,987,766,10,2,6,0,8
576,-36,-76,-75,83,76,264,562,6,536,196,686,158,993,987,576,10,10,2,4,3
577,29,-38,97,68,-71,37,535,6,575,613,886,785,920,987,339,10,7,1,8,1
578,-53,62,52,6,-15,377,212,6,231,76,701,343,115,987,281,10,6,6,10,5
579,94,9,45,10,65,323,478,6,640,31,66,992,176,987,858,10,2,5,5,7
580,-28,-88,54,3,64,151,557,6,408,427,689,711,295,987,723,10,8,1,6,5
581,-18,74,-75,28,78,444,279,6,225,88,640,614,712,987,521,10,7,2,8,6
582,68,64,-21,65,98,639,309,6,439,256,777,177,636,987,709,10,4,3,5,5
583,-94,-60,67,46,95,910,827,6,369,525,134,581,817,987,91,10,10,0,0,3
584,-98,85,81,-18,-9,217,495,6,382,900,300,970,637,987,119,10,0,6,9,2
585,55,-46,96,-49,63,442,524,6,106,440,14,752,652,987,550,10,10,8,0,8
586,91,40,86,80,-67,124,535,6,685,790,915,668,585,987,520,10,2,5,10,7
587,-2,-15,-32,-74,88,244,393,6,706,676,239,13,213,987,579,10,9,5,1,3
588,39,-34,73,-83,-31,576,644,6,287,512,345,400,3,987,705,10,5,4,10,7
589,-33,-70,-59,48,66,506,965,6,840,711,85,187,552,987,198,10,3,2,4,6
590,9,-75,68,34,-94,633,138,6,914,559,766,450,534,987,269,10,7,7,2,1
591,-17,64,-16,13,95,539,513,6,752,645,365,203,334,987,914,10,4,8,6,1
592,59,56,37,74,-50,460,143,6,159,756,445,313,122,987,819,10,0,9,10,5
593,-26,49,25,-46,89,320,309,6,798,897,333,419,887,987,747,10,3,7,6,2
594,55,95,-48,-47,75,197,674,6,162,95,747,796,624,987,153,10,3,0,8,8
595,-31,-94,69,-7,-75,569,960,6,490,963,259,814,845,987,372,10,1,3,1,6
596,-48,25,-20,-1,71,886,549,6,954,340,760,151,990,987,390,10,9,2,5,4
597,-24,-81,45,81,18,948,806,6,680,145,434,696,550,987,794,10,1,3,3,3
598,10,-36,-96,-4,92,725,453,6,770,471,942,255,582,987,736,10,2,6,7,6
599,-49,-22,32,22,-45,679,718,6,307,239,934,972,977,987,42,10,7,2,4,1
600,-42,-13,0,30,-50,565,28,6,686,576,818,24,485,987,868,10,6,7,0,7
601,52,-66,77,-88,19,831,135,6,984,745,417,514,705,987,810,10,10,5,1,3
602,60,-68,-13,-34,-16,797,429,6,803,61,856,230,401,987,501,10,9,2,4,9
603,-18,-55,18,38,-95,394,385,6,968,422,638,725,255,987,7,10,2,2,3,7
604,37,-36,-84,-4,-66,812,28,6,886,911,169,904,65,987,969,10,9,10,7,9
605,97,53,20,53,70,151,879,6,408,570,675,150,699,987,208,10,6,8,2,8
606,-64,-22,55,56,-99,245,572,6,991,766,496,274,370,987,854,10,4,0,5,8
607,53,-97,51,36,-9,302,671,6,813,567,607,938,175,987,83,10,3,1,8,0
608,95,77,-3,-83,2,251,17,6,256,641,487,100,543,987,867,10,5,6,4,8
609,94,77,-64,80,93,780,369,6,157,401,341,370,175,987,755,10,2,5,6,3
610,14,22,56,9,7,266,814,6,286,706,872,651,382,987,555,10,8,4,1,1
611,39,97,31,-10,91,605,924,6,108,361,144,333,622,987,956,10,10,6,3,3
612,77,44,-21,-18,92,409,628,6,384,494,257,690,341,987,110,10,5,4,2,5
613,34,-6,58,67,38,721,685,6,540,324,223,299,352,987,759,10,5,1,4,10
614,70,72,-60,70,98,664,911,6,490,895,306,126,405,987,134,10,5,6,2,2
615,-42,55,-20,53,66,401,806,6,683,230,793,863,806,987,819,10,5,3,8,0
616,96,23,-29,-70,64,220,334,6,432,816,337,573,814,987,543,10,10,1,4,8
617,-96,-50,3,99,99,681,10,6,72,108,956,464,74,987,865,10,6,7,9,9
618,-25,-75,66,-90,-96,777,890,6,960,738,58,272,601,987,473,10,2,8,9,1
619,-54,-97,84,61,9,972,235,6,119,671,694,970,879,987,869,10,3,2,6,6
620,2,-27,-47,-17,-48,263,551,6,761,168,598,325,127,987,116,10,7,5,8,9
621,4,80,-68,64,-2,148,775,6,130,748,626,905,828,987,561,10,7,9,6,4
622,-17,55,-37,27,34,441,305,6,155,35,278,111,952,987,742,10,6,10,8,2
623,58,87,35,30,-55,579,238,6,478,37,604,222,694,987,902,10,9,1,7,0
624,-97,26,-63,31,80,223,338,6,648,331,958,768,231,987,993,10,2,3,1,2
625,-7,77,90,-11,45,868,525,6,128,975,833,648,590,987,179,10,5,3,4,2
626,67,26,-64,-31,-3,622,121,6,211,854,982,935,958,987,367,10,4,5,9,5
627,40,32,-93,47,-21,415,586,6,842,107,584,450,570,987,903,10,9,5,4,5
628,-52,-59,87,28,-59,92,253,6,632,945,633,258,891,987,620,10,9,6,7,3
629,-5,-99,67,11,19,774,728,6,498,351,105,403,377,987,50,10,9,10,5,9
630,78,46,63,93,-55,759,58,6,882,322,187,73,896,987,480,10,2,5,1,8
631,-88,-33,68,55,-49,581,987,6,750,192,571,931,786,987,802,10,0,7,4,5
632,25,-15,32,-79,4,303,160,6,750,816,361,961,652,987,642,10,2,5,2,4
633,37,-33,57,-51,63,158,251,6,322,513,803,976,656,987,98,10,5,9,7,8
634,17,71,-62,-67,-95,497,646,6,161,41,237,884,59,987,556,10,6,5,8,2
635,9,80,49,89,98,537,949,6,900,483,349,650,899,987,549,10,9,0,1,8
636,71,23,9,82,-96,503,921,6,453,439,145,728,712,987,220,10,8,9,1,7
637,-25,-38,20,-38,-15,146,208,6,721,418,77,267,974,987,368,10,4,9,1,4
638,-79,-24,70,-80,19,814,958,6,293,328,187,255,630,987,425,10,9,2,7,7
639,-47,-87,-52,2,-83,786,25,6,513,401,497,187,705,987,226,10,2,0,4,5
640,-51,-72,-8,-36,-40,144,799,6,155,945,18,921,707,987,246,10,1,5,5,9
641,19,-57,-7,-83,14,327,671,6,145,504,978,656,286,987,469,10,2,5,5,8
642,-44,-49,-76,12,46,539,727,6,164,892,110,900,412,987,461,10,1,4,5,2
643,-67,-38,-1,-1,-98,831,355,6,121,820,658,98,379,987,538,10,6,1,3,4
644,84,-27,34,42,33,459,956,6,157,497,519,632,161,987,8,10,0,8,4,6
645,-97,30,-16,34,21,883,891,6,455,718,881,90,959,987,627,10,9,2,10,0
646,-60,-49,-35,-100,-9,533,335,6,100,780,873,612,19,987,747,10,7,0,5,4
647,39,77,32,-42,-22,745,289,6,349,663,177,646,691,987,232,10,7,9,4,9
648,85,-50,-92,-56,28,675,894,6,392,460,811,947,881,987,961,10,7,6,3,1
649,-10,-33,-18,21,38,44,985,6,230,165,906,574,881,987,331,10,1,2,7,6
650,-10,65,52,-34,-91,441,550,6,596,517,562,248,383,987,582,10,10,2,7,1
651,-61,-7,69,28,-99,402,460,6,831,172,933,404,793,987,484,10,0,5,5,2
652,77,-38,67,-11,87,720,522,6,209,85,784,239,873,987,911,10,7,9,10,8
653,-19,71,-89,-24,17,379,791,6,6,269,589,123,370,987,805,10,2,6,7,7
654,-45,26,-42,-40,-52,910,353,6,244,682,147,364,223,987,381,10,3,3,4,8
655,41,79,38,-70,87,311,907,6,355,999,464,342,295,987,345,10,10,7,10,10
656,38,88,59,-89,-38,644,156,6,833,841,93,473,934,987,291,10,0,1,3,6
657,-38,-57,69,72,83,157,336,6,691,366,541,838,645,987,541,10,4,4,5,7
658,-29,-69,-80,-37,-42,850,226,6,13,585,614,380,700,987,81,10,1,4,0,3
659,89,-41,-80,75,74,765,835,6,3,738,319,947,522,987,101,10,6,2,4,0
660,-32,24,84,9,-49,421,918,6,140,803,994,452,700,987,136,10,7,4,3,5
661,65,12,-44,-69,60,32,198,6,945,722,260,92,722,987,196,10,6,7,1,4
662,46,-47,-12,4,-15,107,452,6,884,654,836,555,10,987,439,10,6,5,6,3
663,-50,-95,68,51,48,90,133,6,661,448,807,251,458,987,240,10,1,7,9,3
664,-8,-68,12,-40,32,624,441,6,739,256,607,218,698,987,19,10,4,2,2,10
665,-87,-3,-69,16,73,72,357,6,30,994,893,931,609,987,759,10,4,9,1,2
666,-7,94,65,58,69,596,651,6,987,884,924,509,739,987,453,10,2,6,1,8
667,86,-80,-69,93,-58,738,743,6,835,890,116,134,829,987,696,10,2,8,9,4
668,80,72,17,9,36,108,426,6,744,302,161,297,994,987,65,10,9,9,8,5
669,39,77,-43,-38,43,620,229,6,690,230,933,787,292,987,318,10,4,3,0,2
670,78,88,-20,-51,-5,864,756,6,962,376,25,664,953,987,545,10,0,6,9,6
671,-34,35,90,48,66,437,395,6,19,536,789,373,692,987,822,10,0,2,4,7
672,-41,23,67,-39,-22,28,647,6,187,892,270,255,503,987,224,10,2,7,4,4
673,-25,31,-8,-56,7,262,235,6,621,533,959,807,997,987,523,10,7,2,9,1
674,-26,1,-47,-23,80,915,526,6,674,953,33,270,398,987,890,10,5,4,4,8
675,93,-26,-76,-78,-66,76,149,6,925,107,394,128,453,987,930,10,10,6,7,1
676,2,2,-17,64,-52,586,542,6,480,808,190,281,301,987,973,10,4,4,1,1
677,-1,-84,-77,-92,16,155,345,6,323,391,590,693,671,987,149,10,5,5,9,6
678,96,96,55,-42,34,570,576,6,26,896,341,750,952,987,600,10,10,1,5,5
679,83,-74,-44,-12,-3,622,832,6,238,119,284,407,683,987,474,10,5,5,1,8
680,91,77,-7,-15,63,767,415,6,176,301,303,674,515,987,318,10,5,10,7,5
681,-50,11,51,-8,-67,462,55,6,709,515,452,736,556,987,296,10,9,1,7,3
682,-42,7,-74,47,90,187,583,6,918,418,840,820,320,987,911,10,7,9,5,7
683,7,-39,31,61,-71,631,406,6,648,449,4,898,302,987,503,10,5,1,4,4
684,-63,72,83,-47,53,26,272,6,841,24,457,673,137,987,110,10,7,5,2,9
685,-65,2,-80,-30,14,764,189,6,254,753,111,341,266,987,286,10,10,6,3,6
686,-14,-84,78,-29,46,923,10,6,941,271,496,558,656,987,162,10,4,7,5,2
687,-51,-58,31,96,-41,296,986,6,215,983,446,241,245,987,748,10,6,7,3,1
688,55,-29,21,5,60,854,460,6,47,331,485,872,747,987,882,10,3,10,4,4
689,4,-33,-29,-92,2,171,667,6,954,695,932,861,834,987,848,10,6,4,1,1
690,-9,-75,-81,40,73,391,595,6,918,713,650,536,252,987,511,10,2,9,10,1
691,-45,-23,-16,-86,43,572,456,6,351,571,859,687,181,987,415,10,1,7,2,1
692,71,-61,-90,59,32,423,203,6,809,978,79,534,515,987,168,10,2,1,8,4
693,-38,72,-82,11,-86,842,536,6,957,988,278,669,527,987,504,10,3,6,7,7
694,-60,59,71,64,-48,850,561,6,878,103,255,826,8,987,504,10,7,3,10,9
695,-98,-100,61,10,-68,513,461,6,813,786,899,954,575,987,211,10,7,4,9,8
696,-25,-71,-42,-3,-81,236,268,6,766,453,984,578,71,987,174,10,5,3,4,8
697,30,80,51,-21,-43,811,577,6,739,131,196,478,464,987,388,10,9,9,2,7
698,-66,-63,74,32,-46,98,882,6,399,727,434,76,433,987,893,10,6,4,1,3
699,82,9,43,-16,48,472,671,6,14,559,600,512,43,987,856,10,3,8,8,1
700,-28,96,65,27,-7,788,846,6,327,927,866,841,114,987,92,10,3,1,3,8
701,87,-47,-67,-10,-25,686,879,6,866,279,247,789,3,987,935,10,9,5,2,4
702,-75,43,-20,-50,-27,205,423,6,693,699,579,263,475,987,105,10,10,9,6,1
703,-49,8,59,-87,-16,114,684,6,620,505,183,516,899,987,140,10,3,3,9,4
704,44,-7,-59,52,61,603,581,6,691,323,78,9,686,987,442,10,3,1,6,6
705,-93,-85,-96,-54,-66,275,252,6,513,32,698,898,257,987,617,10,0,9,8,7
706,-35,-5,52,-91,32,649,52,6,341,206,469,610,907,987,646,10,8,8,4,9
707,-48,26,-40,-16,-5,108,715,6,237,539,3,803,311,987,434,10,4,2,1,10
708,82,-35,28,-64,-4,854,157,6,765,833,728,108,253,987,270,10,5,10,0,9
709,35,-2,56,-90,-6,446,849,6,932,980,581,990,176,987,234,10,2,6,2,7
710,99,54,-46,7,-77,257,712,6,369,968,13,195,118,987,129,10,5,8,1,5
711,-16,-43,-53,61,59,121,940,6,132,564,27,254,194,987,216,10,9,3,8,2
712,19,-35,-74,-56,19,6,971,6,786,438,301,532,887,987,17,10,5,5,0,3
713,-81,-100,28,23,93,894,699,6,557,470,563,99,225,987,253,10,7,2,3,8
714,4,79,-8,-57,-9,809,809,6,798,972,580,415,533,987,545,10,3,2,9,6
715,66,30,0,2,-51,430,464,6,290,852,506,812,733,987,98,10,5,2,6,10
716,52,66,38,-24,21,679,479,6,300,429,355,19,288,987,68,10,9,5,9,7
717,-7,-99,-68,-71,46,213,515,6,937,779,503,371,195,987,914,10,2,6,10,9
718,-19,46,-43,-64,-99,878,497,6,446,405,943,165,179,987,558,10,1,6,1,5
719,-90,57,-56,-51,23,636,543,6,626,267,900,79,743,987,37,10,1,9,10,6
720,-81,77,61,29,71,324,208,6,598,721,78,781,457,987,563,10,3,5,7,6
721,-34,-26,-25,24,-2,739,551,6,325,712,955,215,861,987,853,10,3,4,9,3
722,4,18,91,-84,-74,79,156,6,439,801,194,94,408,987,212,10,4,10,3,1
723,66,-18,-31,-96,-49,493,4,6,442,191,26,64,292,987,531,10,3,7,1,8
724,89,-5,64,-85,32,427,552,6,538,711,595,952,195,987,570,10,6,2,3,9
725,94,-40,19,-1,39,884,848,6,832,563,811,686,483,987,511,10,5,2,4,1
726,20,-49,9,34,-60,217,370,6,187,662,570,739,173,987,552,10,3,10,1,9
727,-10,-58,-55,-57,40,247,208,6,29,118,990,163,395,987,122,10,7,8,4,9
728,-63,-97,-99,-57,5,234,474,6,111,171,835,60,750,987,383,10,10,2,6,3
729,-28,-48,-1,-17,-26,647,939,6,955,232,808,885,530,987,893,10,10,5,5,9
730,13,-92,38,1,54,557,65,6,741,674,618,255,391,987,507,10,9,9,4,9
731,19,63,27,-87,-78,914,996,6,926,724,175,943,642,987,587,10,4,6,4,3
732,52,-7,15,-96,37,608,290,6,172,25,296,588,662,987,962,10,7,4,4,9
733,-7,13,76,79,63,914,193,6,999,726,485,575,231,987,457,10,1,2,8,9
734,-6,98,52,21,75,103,374,6,516,426,778,186,987,987,423,10,2,7,0,8
735,15,69,-40,45,-64,164,536,6,371,241,589,23,923,987,357,10,2,1,5,9
736,0,-82,38,90,50,976,362,6,430,752,292,477,912,987,276,10,4,4,7,2
737,-28,-11,-11,47,-9,892,730,6,214,695,284,815,321,987,750,10,5,7,2,4
738,-9,53,74,69,64,797,905,6,176,709,967,853,193,987,447,10,7,7,4,1
739,90,71,-23,-55,-95,854,1,6,42,620,15,849,947,987,1000,10,4,8,0,0
740,1,-12,-45,98,-98,177,709,6,440,568,591,203,149,987,665,10,6,5,2,8
741,63,29,94,88,28,58,437,6,557,543,980,391,90,987,194,10,9,9,0,4
742,-63,75,64,-9,46,487,794,6,978,983,976,429,566,987,765,10,1,5,2,10
743,-60,28,-42,-71,-61,233,412,6,503,25,342,399,459,987,926,10,9,10,3,4
744,81,33,-67,20,-59,818,96,6,48,792,138,849,753,987,954,10,6,9,4,3
745,-23,16,46,53,-79,340,810,6,583,528,259,604,527,987,498,10,10,10,9,2
746,38,-2,41,-9,26,197,6,6,827,474,772,729,511,987,112,10,7,7,6,5
747,79,-60,18,86,-1,948,251,6,887,684,129,678,885,987,762,10,6,4,3,5
748,-79,42,-52,-8,-55,14,337,6,689,353,649,406,694,987,77,10,2,4,6,2
749,76,-28,-86,30,92,127,327,6,717,13,573,918,145,987,349,10,9,2,5,4
750,-19,-100,-44,-14,-52,605,363,6,475,409,150,693,364,987,607,10,3,7,1,3
751,42,-69,17,-29,-5,244,717,6,989,141,956,292,266,987,343,10,5,0,5,2
752,-16,40,76,-8,17,481,161,6,908,699,205,343,505,987,85,10,7,2,8,9
753,64,-37,-42,37,22,272,239,6,396,891,263,424,842,987,627,10,1,2,8,5
754,-44,38,97,85,-6,946,914,6,213,923,91,508,193,987,393,10,5,2,2,3
755,-86,86,79,-89,-39,749,775,6,971,669,533,582,83,987,873,10,10,9,1,4
756,-14,-34,-92,-55,-81,460,562,6,914,136,603,636,890,987,175,10,3,5,8,7
757,73,28,-100,-87,13,325,783,6,896,950,833,137,738,987,680,10,2,4,4,5
758,-28,-6,79,-26,-55,589,431,6,409,170,887,586,234,987,96,10,5,8,0,0
759,88,28,30,59,-13,925,525,6,574,614,630,892,440,987,595,10,9,5,1,6
760,-79,-17,96,75,-90,543,991,6,561,599,24,80,201,987,335,10,1,10,5,2
761,-28,-48,-33,75,10,674,766,6,649,948,482,294,279,987,564,10,8,1,9,2
762,78,-95,43,-86,-52,62,353,6,302,827,855,579,381,987,594,10,9,8,5,9
763,76,-23,-87,31,70,117,604,6,161,584,576,310,967,987,880,10,3,9,0,6
764,-34,-78,37,-97,-34,999,869,6,75,548,205,288,321,987,633,10,4,6,1,1
765,19,-46,-75,-58,95,89,65,6,419,186,402,708,147,987,960,10,6,1,7,8
766,75,16,-42,-91,94,534,218,6,901,325,184,489,556,987,602,10,9,5,0,9
767,-55,98,-72,86,67,9,961,6,473,459,251,762,893,987,367,10,8,7,7,4
768,-32,73,-59,-2,-97,171,365,6,629,392,561,235,132,987,697,10,6,5,10,8
769,15,49,-98,46,-78,855,929,6,692,850,341,30,386,987,823,10,6,5,7,3
770,-25,-10,-11,-84,42,255,909,6,601,684,935,287,473,987,924,10,7,9,3,0
771,62,75,-75,-73,-54,703,444,6,525,243,447,224,117,987,421,10,9,3,8,2
772,-13,62,-51,34,83,2,460,6,833,19,364,474,924,987,23,10,3,10,6,6
773,30,51,93,85,41,718,731,6,569,852,291,452,796,987,198,10,9,2,1,2
774,79,87,79,-97,-98,191,757,6,162,653,801,30,819,987,761,10,0,4,4,0
775,-24,-74,-10,-7,-35,822,503,6,329,142,527,371,237,987,644,10,8,5,7,8
776,87,-76,0,82,-39,264,788,6,216,31,288,699,467,987,535,10,5,0,1,2
777,51,93,33,82,-64,547,460,6,328,238,363,840,579,987,889,10,5,1,3,1
778,-54,71,82,0,68,426,133,6,237,800,470,524,382,987,159,10,3,1,5,9
779,-84,75,44,-50,-8,432,757,6,627,929,780,212,455,987,244,10,2,9,3,2
780,40,76,-84,-3,-21,441,675,6,802,411,176,538,748,987,369,10,7,10,1,2
781,-29,100,-94,1,-13,319,973,6,910,622,745,421,568,987,31,10,8,8,7,5
782,8,-23,-64,19,49,840,21,6,145,384,88,656,853,987,182,10,8,7,4,3
783,-2,-25,27,-69,69,608,185,6,502,668,750,622,140,987,654,10,4,1,1,10
784,-42,-19,-69,9,17,979,487,6,509,809,500,822,845,987,269,10,0,0,9,3
785,8,-40,85,-90,94,488,176,6,989,850,514,40,469,987,39,10,8,2,6,8
786,62,-21,28,-68,-33,698,609,6,962,821,558,532,202,987,965,10,9,3,0,7
787,41,-80,-73,-22,-12,369,118,6,823,284,254,111,925,987,15,10,2,5,6,3
788,16,17,-76,21,41,495,686,6,31,534,67,895,886,987,364,10,2,2,4,6
789,-17,-78,-6,60,-36,90,504,6,537,892,934,927,640,987,451,10,8,8,5,4
790,70,11,-18,58,-39,335,717,6,868,979,542,130,152,987,290,10,9,10,9,1
791,-13,53,-26,33,12,210,660,6,142,579,856,8,559,987,629,10,2,1,2,4
792,9,-64,-25,-28,-5,195,139,6,277,587,232,272,899,987,491,10,8,6,7,3
793,-77,-95,-76,36,91,64,642,6,438,68,684,117,839,987,544,10,3,3,3,6
794,-23,-14,32,-43,2,433,394,6,560,476,427,683,359,987,50,10,5,0,10,4
795,62,-50,79,69,-70,506,134,6,676,196,161,973,502,987,70,10,4,6,9,3
796,-57,17,7,98,2,462,569,6,623,334,983,849,233,987,199,10,1,3,5,1
797,-5,88,-48,35,-50,502,674,6,192,14,50,765,928,987,822,10,8,2,2,7
798,-88,-61,-59,-71,57,607,429,6,458,741,637,349,264,987,580,10,6,9,7,6
799,-28,-58,97,-94,76,431,70,6,394,293,647,683,496,987,519,10,10,3,7,9
800,85,25,71,96,19,781,719,6,367,759,525,659,881,987,864,10,7,3,4,8
801,75,-18,-42,56,-65,182,673,6,744,929,366,441,588,987,599,10,9,1,5,9
802,-90,-16,-78,99,93,765,516,6,296,825,581,867,44,987,597,10,7,4,4,0
803,61,72,-6,-66,86,831,363,6,634,520,39,382,543,987,992,10,4,1,6,3
804,15,21,92,-26,-17,822,929,6,470,461,550,421,853,987,303,10,8,7,6,10
805,93,20,83,44,-99,232,694,6,385,897,167,434,75,987,653,10,4,0,0,0
806,-64,81,-43,-32,-17,650,418,6,532,805,202,281,476,987,191,10,1,2,5,2
807,-79,-74,-16,59,98,790,929,6,385,777,116,309,27,987,367,10,5,8,1,7
808,32,-47,-71,-8,91,275,594,6,161,632,346,875,765,987,37,10,2,3,5,1
809,90,93,53,53,10,552,140,6,684,887,372,320,334,987,700,10,8,0,5,1
810,-8,1,100,-49,89,877,254,6,475,446,955,614,417,987,235,10,0,5,6,3
811,64,33,-43,89,-35,294,981,6,263,445,943,147,625,987,667,10,3,9,2,5
812,-58,54,-42,-84,63,798,764,6,206,136,249,401,164,987,530,10,8,4,5,3
813,-43,16,18,37,-67,592,865,6,568,391,291,999,887,987,706,10,3,3,7,0
814,79,82,-98,-30,53,29,49,6,448,558,523,63,950,987,49,10,5,3,1,5
815,70,-28,52,30,-80,201,791,6,6,677,474,766,102,987,983,10,10,3,7,6
816,-74,63,-74,56,77,701,254,6,479,837,372,310,785,987,485,10,1,1,6,7
817,73,96,-52,-30,81,271,751,6,597,500,207,258,937,987,692,10,5,7,5,2
818,-78,40,75,-7,-75,300,718,6,428,284,144,859,712,987,809,10,6,3,3,10
819,-12,20,42,73,-8,465,786,6,709,55,401,399,741,987,751,10,10,2,4,2
820,-31,88,12,25,5,425,994,6,32,555,654,680,500,987,51,10,3,6,2,3
821,-35,-20,-27,37,19,639,290,6,718,638,25,519,109,987,352,10,2,8,4,1
822,-41,87,-4,-13,-18,981,703,6,490,168,278,735,729,987,588,10,2,9,8,9
823,-40,54,-15,-94,1,653,914,6,291,832,924,950,314,987,759,10,9,5,3,6
824,55,-24,-9,-33,-62,862,255,6,582,856,699,563,809,987,804,10,2,8,6,2
825,10,-98,0,46,-80,35,795,6,836,39,284,305,191,987,740,10,6,6,3,7
826,72,79,60,48,68,505,20,6,690,115,276,935,87,987,497,10,10,8,1,4
827,-9,57,3,13,97,86,808,6,389,476,219,807,682,987,518,10,8,6,5,6
828,51,94,-72,-28,39,551,660,6,917,633,59,567,859,987,399,10,9,2,1,4
829,97,64,79,60,-36,306,604,6,616,579,880,344,193,987,736,10,3,2,7,8
830,29,-69,62,68,24,252,687,6,172,130,410,288,366,987,723,10,9,9,0,9
831,49,73,100,21,-35,100,110,6,186,771,993,520,780,987,515,10,7,1,6,6
832,76,-57,-98,-56,-38,433,853,6,977,630,51,964,890,987,502,10,1,3,7,7
833,-58,54,69,-15,7,246,968,6,814,594,691,586,112,987,164,10,0,5,3,8
834,20,-40,-18,-27,-10,224,176,6,52,81,568,160,83,987,323,10,1,8,5,8
835,33,36,67,0,36,309,732,6,384,490,167,398,640,987,181,10,7,9,1,3
836,82,40,-26,-74,98,201,259,6,717,610,842,850,447,987,875,10,4,2,0,5
837,-92,96,-71,-88,100,798,243,6,652,284,291,204,607,987,496,10,5,7,8,4
838,7,-98,-61,-56,50,235,916,6,707,198,741,717,242,987,590,10,6,7,3,9
839,-40,0,-91,-52,-84,328,6,6,107,883,914,504,258,987,520,10,8,5,8,8
840,55,30,-75,-78,-18,866,523,6,57,414,616,290,741,987,335,10,0,6,3,6
841,-37,1,-32,-11,-18,578,572,6,270,677,51,351,223,987,288,10,3,6,8,6
842,-40,-33,-80,59,-78,772,712,6,354,531,637,831,602,987,306,10,3,2,9,2
843,30,71,-2,-26,29,526,236,6,822,113,580,955,705,987,840,10,2,8,7,2
844,33,10,-74,73,-93,177,94,6,786,934,485,917,131,987,555,10,8,1,4,5
845,-40,-9,63,49,45,485,816,6,813,220,633,960,829,987,845,10,3,1,6,4
846,18,-11,-15,-7,-66,975,386,6,608,479,231,479,776,987,500,10,4,4,7,8
847,-86,-42,-53,72,88,206,821,6,258,822,404,817,968,987,112,10,6,8,4,7
848,-56,87,3,26,-41,296,623,6,426,823,145,780,795,987,910,10,7,4,7,2
849,-55,74,41,-61,-82,128,574,6,417,606,904,427,952,987,545,10,3,4,3,8
850,-90,18,-22,-67,83,826,38,6,723,50,807,532,487,987,423,10,2,8,8,8
851,46,57,-21,90,20,585,301,6,646,274,816,988,79,987,302,10,9,9,6,9
852,32,67,99,59,80,648,806,6,284,183,651,233,243,987,924,10,5,2,7,6
853,-50,-13,-62,-94,-13,77,749,6,496,367,263,37,804,987,696,10,2,2,8,9
854,-62,62,-38,-17,-19,203,952,6,215,702,931,241,482,987,817,10,5,10,3,1
855,-71,60,-65,40,83,835,908,6,844,625,315,173,515,987,897,10,7,7,3,3
856,-31,-62,-29,92,-91,292,966,6,709,391,346,795,822,987,306,10,1,2,6,4
857,-14,-95,74,65,56,969,872,6,776,182,177,986,146,987,563,10,0,8,7,4
858,-48,-38,-43,-25,22,667,597,6,699,863,834,415,699,987,83,10,3,1,4,2
859,-78,-9,97,-74,-7,988,514,6,323,751,510,394,481,987,745,10,9,7,3,2
860,91,-36,-52,50,-16,629,798,6,213,794,359,746,511,987,335,10,3,5,9,2
861,55,-49,-57,2,2,86,886,6,901,907,422,112,373,987,64,10,6,7,2,8
862,84,-21,41,79,57,289,735,6,600,718,806,339,181,987,652,10,7,9,2,8
863,-6,60,-39,27,96,657,170,6,783,520,816,308,594,987,461,10,3,6,2,8
864,-55,-36,-78,-98,42,237,361,6,645,151,468,348,894,987,627,10,8,6,5,6
865,-29,62,-79,71,-48,674,350,6,663,116,944,877,501,987,18,10,10,9,5,3
866,61,75,83,-61,-91,794,894,6,404,257,654,174,932,987,49,10,5,6,7,6
867,-79,-60,85,38,-14,192,779,6,493,106,585,804,770,987,176,10,3,6,6,2
868,-78,30,15,-50,-33,200,809,6,580,33,502,219,517,987,247,10,5,4,7,9
869,-54,22,-15,11,-44,951,516,6,607,492,934,679,4,987,888,10,4,7,3,1
870,-71,-48,27,65,55,326,862,6,69,931,573,799,845,987,436,10,2,1,3,4
871,-33,62,-53,36,-23,133,229,6,930,30,268,676,878,987,512,10,10,3,5,8
872,-58,-77,-93,14,1,530,941,6,533,449,987,657,587,987,175,10,4,2,3,2
873,79,-4,59,-66,-39,357,152,6,486,253,920,609,484,987,921,10,10,1,7,4
874,-62,-83,-74,87,15,209,539,6,863,509,342,509,569,987,938,10,1,0,0,7
875,-45,-86,-36,58,84,290,305,6,430,661,435,689,542,987,809,10,2,8,4,6
876,-67,-17,-39,-89,-63,33,788,6,260,361,806,496,437,987,243,10,6,5,2,3
877,-30,-68,-67,29,31,601,51,6,657,449,206,250,669,987,150,10,7,9,5,6
878,31,-50,15,16,-2,513,951,6,827,703,838,838,770,987,221,10,6,9,6,6
879,40,-79,-30,-45,-86,575,872,6,474,283,71,204,825,987,96,10,3,9,10,0
880,94,89,-95,2,91,640,404,6,428,399,27,89,51,987,264,10,3,1,7,8
881,17,-39,8,79,-41,248,631,6,24,961,829,638,155,987,100,10,6,7,4,8
882,31,-54,15,42,35,441,596,6,300,965,162,399,774,987,426,10,9,9,6,0
883,78,-94,73,-82,93,994,811,6,290,881,589,991,648,987,100,10,4,3,3,1
884,-2,58,-99,-35,-57,772,844,6,818,312,596,767,748,987,935,10,9,0,3,1
885,39,-20,46,-8,-5,20,278,6,228,630,960,741,669,987,63,10,1,7,2,6
886,25,-48,88,-30,-31,64,744,6,932,225,452,661,863,987,184,10,8,9,2,3
887,-19,-93,4,66,-13,187,88,6,959,634,104,58,791,987,545,10,7,3,6,3
888,19,20,41,-5,-28,787,811,6,132,387,541,168,791,987,89,10,1,0,9,1
889,27,-31,-39,-8,53,898,139,6,256,519,441,629,493,987,695,10,9,7,4,4
890,8,40,33,58,-14,290,693,6,31,471,242,355,391,987,134,10,10,2,7,6
891,37,31,-31,25,58,1,477,6,587,955,735,529,450,987,829,10,9,8,8,5
892,-16,-82,-33,-54,87,249,334,6,617,28,108,199,230,987,228,10,7,1,5,0
893,61,57,9,-42,-47,574,912,6,970,406,190,244,396,987,96,10,2,8,7,8
894,32,-63,-77,-90,-47,960,549,6,878,482,946,784,349,987,971,10,7,4,2,8
895,38,10,15,96,74,43,36,6,874,942,459,576,390,987,250,10,8,6,4,0
896,48,-16,59,-2,26,562,605,6,969,245,746,92,606,987,137,10,3,1,10,6
897,-37,44,-39,45,85,791,676,6,64,87,726,147,278,987,659,10,7,7,1,6
898,17,-40,49,-51,80,509,8,6,836,243,46,272,68,987,592,10,10,6,7,6
899,38,-28,15,87,24,501,660,6,254,627,816,249,94,987,279,10,7,1,2,9
900,-34,-82,-48,-81,1,276,246,6,800,770,383,111,639,987,184,10,4,2,6,0
901,-18,-64,-26,71,79,906,616,6,961,140,64,250,702,987,841,10,7,3,7,4
902,49,-49,52,-68,43,36,445,6,583,607,384,362,125,987,565,10,9,4,5,7
903,-66,17,49,-48,-64,490,545,6,146,831,892,906,919,987,692,10,5,9,0,8
904,88,63,11,16,-62,659,12,6,201,431,240,103,700,987,879,10,1,3,5,1
905,-19,4,-26,68,48,23,923,6,726,913,960,945,702,987,266,10,7,2,2,2
906,-80,1,1,46,-95,581,527,6,235,256,552,851,436,987,378,10,10,2,6,1
907,57,-97,18,-57,26,123,827,6,682,545,64,453,228,987,431,10,2,9,3,7
908,-57,-68,76,100,61,50,413,6,519,825,332,618,719,987,908,10,3,8,7,2
909,27,-31,-31,27,-56,501,274,6,715,101,608,981,98,987,828,10,2,6,9,3
910,-92,-59,55,37,75,84,503,6,644,960,599,34,347,987,304,10,8,7,8,10
911,67,45,7,-100,-24,896,675,6,10,836,123,742,59,987,946,10,9,3,3,7
912,-14,-5,-81,-93,-98,649,394,6,263,189,859,271,659,987,531,10,2,4,9,1
913,-92,58,75,-30,-94,977,474,6,427,233,939,589,486,987,430,10,4,9,7,8
914,-81,-33,38,70,-87,889,201,6,632,846,484,936,935,987,491,10,6,10,6,2
915,-67,70,61,13,89,982,840,6,38,592,366,875,649,987,960,10,9,5,1,7
916,-86,58,-68,-68,73,810,388,6,732,866,545,424,273,987,871,10,3,7,2,6
917,99,-97,-51,-37,33,272,423,6,497,412,258,305,19,987,881,10,3,6,9,2
918,54,76,-41,52,-57,553,823,6,940,33,409,227,651,987,58,10,2,7,6,4
919,-85,69,-45,53,19,581,599,6,501,477,303,475,988,987,417,10,10,10,5,6
920,22,39,-41,-86,21,429,822,6,7,50,182,777,131,987,670,10,10,3,2,8
921,-25,-24,-80,6,-32,894,553,6,735,596,862,888,273,987,900,10,9,6,3,6
922,84,-89,-18,17,-57,499,427,6,661,249,198,838,826,987,885,10,1,1,0,6
923,43,82,88,76,63,859,641,6,514,361,176,923,643,987,879,10,7,6,2,7
924,-24,-64,-91,42,39,562,78,6,156,292,342,65,837,987,663,10,7,8,5,4
925,-94,76,-97,-74,-79,114,568,6,360,222,679,950,273,987,518,10,7,5,8,2
926,-23,2,-16,-87,-8,53,477,6,239,167,672,1000,420,987,928,10,0,2,10,0
927,-90,71,-83,45,30,96,322,6,194,60,523,95,247,987,731,10,5,9,9,7
928,71,96,80,-63,43,847,438,6,119,594,797,512,214,987,443,10,1,4,6,6
929,-32,-37,-69,-90,90,884,613,6,934,792,191,219,134,987,321,10,7,8,6,7
930,91,27,-76,74,-86,886,640,6,640,455,821,493,971,987,455,10,3,3,1,6
931,-6,-36,-18,67,43,738,756,6,460,737,967,615,786,987,337,10,10,2,6,9
932,-5,32,-13,-36,-37,879,859,6,383,856,243,194,746,987,682,10,8,3,3,6
933,38,41,59,29,40,783,203,6,719,11,347,885,478,987,519,10,2,3,5,2
934,82,-22,23,26,53,432,684,6,86,556,965,593,986,987,272,10,1,7,5,9
935,86,-74,75,48,41,453,902,6,502,494,563,970,710,987,796,10,3,6,10,7
936,-6,-66,-57,-12,-81,461,451,6,648,714,486,518,108,987,522,10,2,2,7,7
937,-70,18,-37,-18,-25,865,288,6,52,84,313,631,744,987,718,10,8,5,1,3
938,-8,-47,89,-6,47,475,28,6,849,163,488,315,616,987,788,10,6,4,2,9
939,74,-8,-89,41,-30,249,347,6,650,664,827,506,283,987,350,10,8,6,6,1
940,-91,-91,36,-97,80,846,631,6,860,931,687,711,489,987,102,10,8,9,7,5
941,-4,-16,-18,28,18,519,736,6,225,799,609,411,329,987,559,10,1,8,3,7
942,65,63,34,-46,-72,171,650,6,495,307,895,606,592,987,23,10,1,7,7,5
943,-52,-88,-85,-75,59,749,915,6,240,935,619,269,982,987,271,10,3,9,8,7
944,-72,69,95,10,24,27,549,6,682,535,721,45,428,987,586,10,5,9,7,0
945,94,95,-85,7,-83,408,816,6,150,341,650,422,822,987,585,10,9,8,8,4
946,-19,27,66,15,-42,927,929,6,608,245,654,116,26,987,809,10,8,1,3,9
947,44,70,-86,-76,-27,760,635,6,811,987,19,163,909,987,630,10,2,8,6,3
948,-74,-67,47,80,-30,493,233,6,783,602,881,123,631,987,584,10,9,0,8,7
949,-76,74,97,98,-10,911,425,6,865,566,442,270,494,987,311,10,3,4,10,5
950,-4,-63,16,42,-22,192,144,6,44,98,97,48,110,987,294,10,10,6,1,9
951,31,80,-35,-22,-37,943,479,6,318,463,228,456,487,987,511,10,8,1,9,4
952,7,47,-97,-66,-71,966,248,6,313,671,201,203,963,987,309,10,10,4,10,4
953,38,47,-22,-31,-97,596,743,6,965,354,803,907,779,987,22,10,3,2,8,8
954,-80,-48,-49,62,-30,595,398,6,177,40,839,552,56,987,587,10,5,6,10,2
955,30,52,23,-13,80,283,569,6,757,744,596,645,328,987,65,10,7,5,1,1
956,-46,-57,-19,-95,-92,55,371,6,0,955,723,143,379,987,688,10,2,2,5,1
957,-15,-22,51,61,-80,919,950,6,305,714,979,147,907,987,621,10,2,6,6,10
958,59,6,-72,-72,17,338,474,6,906,895,877,762,281,987,754,10,2,8,5,1
959,-31,-76,17,-76,2,472,173,6,770,256,11,39,926,987,233,10,0,4,8,6
960,56,-92,59,-87,70,581,794,6,880,696,457,923,59,987,169,10,5,2,8,5
961,72,19,3,-8,-79,983,782,6,905,427,404,996,391,987,428,10,1,7,5,7
962,28,-39,50,-42,18,857,738,6,601,499,171,153,123,987,201,10,1,4,8,7
963,11,17,-75,-95,-12,601,256,6,784,821,513,415,352,987,813,10,1,4,4,1
964,52,-8,70,52,-34,672,995,6,988,574,803,790,148,987,85,10,7,4,2,1
965,35,-54,-54,52,49,925,555,6,376,913,244,923,197,987,645,10,6,1,2,8
966,92,-40,34,-15,-98,505,625,6,104,773,464,59,49,987,71,10,2,1,4,1
967,5,32,-46,96,-30,579,558,6,568,908,460,852,34,987,835,10,7,3,9,2
968,2,-33,0,49,65,149,342,6,966,39,502,747,845,987,924,10,9,7,3,3
969,88,-24,-8,70,75,160,943,6,591,985,130,105,512,987,748,10,6,7,5,6
970,-23,-70,-34,61,-67,573,668,6,906,344,765,948,546,987,412,10,3,4,1,9
971,-39,80,27,70,44,794,791,6,73,941,885,551,863,987,903,10,5,9,5,8
972,70,12,59,53,43,831,465,6,744,272,841,125,138,987,151,10,7,1,4,6
973,-32,76,91,5,-97,979,989,6,117,592,705,168,852,987,15,10,5,4,8,10
974,73,-82,20,-13,-24,597,123,6,215,138,780,12,236,987,992,10,0,4,9,2
975,-13,-90,-34,-10,18,114,122,6,624,349,365,59,605,987,299,10,8,4,4,7
976,-44,-59,23,-42,5,370,249,6,931,948,510,9,802,987,945,10,4,1,7,3
977,24,-82,-42,78,-62,334,894,6,988,726,825,623,293,987,74,10,4,2,5,4
978,4,59,-33,83,0,151,335,6,78,470,549,49,216,987,623,10,2,4,1,5
979,-96,-76,84,6,-55,110,536,6,395,21,989,891,648,987,858,10,6,9,10,10
980,7,-26,-4,28,67,267,353,6,355,427,538,938,568,987,997,10,6,3,7,2
981,-87,-5,-19,-2,-47,580,887,6,865,567,675,746,370,987,914,10,1,5,3,4
982,68,48,-80,24,-53,606,679,6,552,787,363,238,498,987,894,10,9,1,0,8
983,83,-56,83,-27,-7,705,203,6,75,197,241,656,227,987,999,10,2,7,8,8
984,64,2,89,13,53,989,225,6,30,271,536,240,507,987,18,10,8,3,5,6
985,-55,-100,99,-63,93,348,855,6,771,434,554,166,537,987,295,10,5,2,0,2
986,69,-45,8,10,57,56,472,6,199,901,966,83,247,987,448,10,7,1,6,8
987,57,-59,44,58,64,264,517,6,812,179,913,436,412,987,5,10,3,2,9,7
988,73,22,50,26,56,999,689,6,293,426,129,955,859,987,445,10,9,2,0,4
989,-88,71,53,-32,-85,360,440,6,436,280,801,886,569,987,475,10,5,4,7,9
990,-66,40,61,-76,61,268,834,6,525,582,890,379,733,987,741,10,7,9,8,0
991,90,15,-92,-16,72,675,794,6,534,12,891,304,816,987,578,10,3,5,9,5
992,-47,25,-96,-45,62,860,722,6,452,951,993,534,794,987,419,10,9,2,9,6
993,12,51,37,51,21,504,104,6,801,275,655,63,638,987,783,10,3,7,6,1
994,47,64,-19,7,-71,707,789,6,73,680,207,992,520,987,932,10,5,0,6,3
995,65,-20,-4,-21,50,219,754,6,809,958,125,938,917,987,306,10,1,1,0,2
996,25,73,-28,15,-94,263,723,6,430,534,692,495,514,987,486,10,7,6,10,3
997,51,-80,-10,-46,49,97,681,6,747,540,766,3,829,987,613,10,8,6,0,3
998,98,-17,28,23,-17,747,260,6,287,175,439,847,265,987,92,10,7,2,3,7
999,35,-55,32,43,-15,339,333,6,713,262,801,447,939,987,26,10,5,5,4,7
1000,-68,-32,75,51,-25,661,654,6,421,889,627,585,595,987,788,10,10,1,7,6
1001,-94,-9,-46,-7,-8,153,866,6,782,667,343,86,655,987,783,10,9,9,0,6
1002,76,75,76,13,67,25,296,6,4,702,185,743,173,987,696,10,5,5,6,6
1003,-66,45,-3,80,35,296,78,6,103,791,230,796,285,987,537,10,8,2,8,3
1004,-72,96,23,-75,96,621,153,6,353,293,536,165,237,987,964,10,3,1,5,6
1005,-20,-73,-54,19,87,380,720,6,168,579,792,867,677,987,602,10,1,6,3,4
1006,-25,-37,-48,-90,16,378,395,6,353,295,903,472,578,987,89,10,2,9,6,6
1007,84,53,-45,25,-37,967,729,6,315,397,389,551,656,987,325,10,5,9,5,2
1008,-21,-98,-35,-95,30,297,301,6,96,118,230,389,977,987,684,10,1,8,9,8
1009,-79,-33,-88,44,-88,263,321,6,348,118,286,853,707,987,233,10,3,4,4,8
1010,-66,-99,100,100,-6,338,861,6,575,978,608,944,741,987,221,10,4,9,6,3
1011,-3,-83,-61,58,-55,300,969,6,662,768,770,564,146,987,550,10,0,9,5,4
1012,25,26,29,70,-24,130,64,6,559,270,47,366,197,987,360,10,5,10,5,4
1013,-4,-61,2,88,-27,697,906,6,971,480,705,474,443,987,417,10,5,8,0,3
1014,-26,-49,11,92,-45,41,277,6,382,148,428,829,363,987,292,10,2,3,6,1
1015,-65,-10,12,-7,-16,881,940,6,669,982,39,105,179,987,23,10,6,2,8,3
1016,-19,78,73,75,79,386,906,6,703,120,479,84,397,987,218,10,1,7,4,5
1017,92,59,4,-42,39,313,632,6,903,668,74,789,194,987,421,10,8,5,1,7
1018,-66,-77,-22,20,36,355,664,6,560,871,340,964,382,987,945,10,9,9,8,3
1019,77,52,-9,1,-62,755,341,6,737,325,397,310,654,987,925,10,5,8,3,1
1020,-54,-9,-49,-7,53,400,151,6,989,541,102,242,406,987,748,10,1,9,2,1
1021,4,28,14,0,29,227,723,6,620,687,798,896,404,987,158,10,7,9,0,1
1022,44,80,91,41,-76,115,807,6,294,457,163,54,700,987,496,10,8,8,6,3
1023,-63,59,-20,31,48,676,956,6,169,619,421,600,899,987,712,10,1,2,4,8
1024,35,-10,-88,-4,1,847,375,6,216,478,345,317,645,987,616,10,9,7,8,6
1025,73,29,-32,46,-14,936,510,6,537,668,951,332,115,987,582,10,6,10,1,2
1026,68,-81,-26,94,74,395,564,6,182,346,356,981,449,987,129,10,8,2,5,2
1027,-57,89,86,80,-7,136,634,6,63,461,88,646,955,987,330,10,4,2,1,3
1028,-10,32,-67,-90,11,805,465,6,10,609,794,372,384,987,694,10,6,1,3,8
1029,-67,98,81,26,-49,743,149,6,542,967,533,586,394,987,32,10,8,3,9,7
1030,-95,-61,-18,-86,-26,682,704,6,64,86,77,375,115,987,738,10,0,5,9,8
1031,-76,3,-3,-62,-84,237,281,6,428,378,19,297,514,987,729,10,5,9,1,5
1032,44,82,50,-53,31,202,242,6,96,237,423,645,123,987,642,10,7,9,1,1
1033,69,56,85,-93,67,23,243,6,799,926,663,320,228,987,58,10,8,6,4,8
1034,88,-20,-98,89,-38,30,27,6,915,697,216,624,21,987,953,10,5,4,9,7
1035,65,1,-82,-87,-91,922,393,6,515,984,659,574,128,987,102,10,7,0,0,0
1036,-14,-50,41,28,38,447,602,6,741,822,400,840,44,987,873,10,7,10,10,10
1037,96,-80,-85,87,-42,263,601,6,663,125,666,283,487,987,846,10,6,7,9,6
1038,-86,-67,28,63,34,457,417,6,527,885,572,830,423,987,564,10,2,4,5,8
1039,68,-65,-71,22,70,530,43,6,395,702,652,407,383,987,469,10,5,3,2,6
1040,-6,-25,-80,-70,-89,268,951,6,808,29,270,353,23,987,311,10,6,5,9,2
1041,-12,87,-51,61,-99,109,288,6,892,843,849,46,243,987,319,10,7,4,6,3
1042,74,21,-92,93,-8,884,117,6,770,215,883,219,67,987,553,10,9,10,6,5
1043,-89,-35,-17,40,-24,624,281,6,623,248,955,701,399,987,578,10,4,3,0,8
1044,-6,61,14,-36,-46,798,296,6,130,51,933,658,805,987,976,10,9,8,8,6
1045,-34,56,-83,-22,-27,874,762,6,165,458,997,735,758,987,837,10,8,2,7,9
1046,-10,1,-12,29,27,108,855,6,757,93,222,852,211,987,903,10,3,9,4,4
1047,99,-43,0,22,7,480,212,6,902,33,252,563,667,987,619,10,9,2,8,3
1048,-76,-52,70,-15,47,240,134,6,647,513,345,317,338,987,319,10,0,5,3,9
1049,-22,13,9,19,58,160,323,6,640,143,151,659,676,987,437,10,9,4,6,6
1050,-29,74,48,39,87,375,1000,6,337,402,129,286,276,987,106,10,6,8,3,6
1051,-31,98,-86,-38,95,650,787,6,477,136,323,359,504,987,310,10,2,2,8,8
1052,62,11,98,45,-21,793,723,6,715,741,599,250,817,987,507,10,6,3,9,10
1053,90,53,-23,-42,17,196,920,6,60,269,88,892,738,987,385,10,5,5,2,4
1054,-81,60,33,-36,18,912,497,6,889,446,191,764,818,987,553,10,6,0,7,4
1055,65,-14,66,53,-69,55,504,6,165,398,665,936,794,987,347,10,7,8,6,3
1056,-90,93,-50,-30,44,756,676,6,809,810,674,477,871,987,36,10,3,9,7,6
1057,-89,69,43,99,-18,728,587,6,789,344,780,730,776,987,760,10,4,3,3,4
1058,3,-39,-16,-21,-57,549,889,6,922,370,719,364,216,987,277,10,2,4,7,2
1059,64,-11,-39,-26,29,408,94,6,406,135,402,695,101,987,844,10,8,0,6,9
1060,-15,31,-12,71,-60,150,164,6,98,295,520,531,63,987,481,10,9,2,9,7
1061,70,-33,26,27,-47,738,220,6,929,131,256,800,432,987,240,10,5,5,1,3
1062,27,52,94,-42,99,854,377,6,648,627,462,791,149,987,992,10,1,9,6,2
1063,82,-68,65,3,72,816,15,6,771,959,288,766,168,987,600,10,7,0,1,9
1064,88,48,-75,-70,-39,948,336,6,137,636,782,33,458,987,348,10,9,0,6,8
1065,-42,-34,94,-85,-89,63,700,6,334,821,129,513,778,987,45,10,3,0,5,1
1066,31,72,52,-19,-80,552,657,6,195,864,959,845,19,987,559,10,10,1,0,8
1067,31,-3,19,-52,-1,399,408,6,955,976,307,954,50,987,532,10,4,0,2,8
1068,-55,93,-50,30,59,558,934,6,31,752,579,38,505,987,105,10,1,5,4,9
1069,-55,-30,-56,-87,-55,458,496,6,67,506,482,590,143,987,76,10,2,3,6,9
1070,52,-2,-63,5,38,281,759,6,741,551,705,67,629,987,922,10,9,4,6,7
1071,12,92,79,-1,78,889,78,6,247,95,489,23,541,987,781,10,4,6,5,1
1072,-54,2,2,-78,-12,888,950,6,61,256,516,133,855,987,629,10,5,3,4,1
1073,8,-52,18,-62,-84,421,523,6,486,713,880,746,792,987,838,10,4,2,6,7
1074,-9,69,-52,85,82,924,691,6,670,982,901,336,660,987,937,10,2,4,7,10
1075,48,-3,-89,-39,-81,852,923,6,665,796,710,352,800,987,197,10,4,5,4,8
1076,-25,91,89,-26,43,595,555,6,504,847,537,105,418,987,645,10,5,1,4,2
1077,55,89,43,85,-79,259,243,6,628,746,709,236,931,987,5,10,0,9,1,10
1078,-28,-46,39,45,78,358,960,6,656,711,468,698,706,987,893,10,2,5,9,8
1079,-83,28,-53,-21,-34,854,428,6,598,38,748,927,393,987,499,10,1,8,8,0
1080,26,-17,51,-7,29,814,124,6,223,407,531,43,888,987,433,10,7,4,5,4
1081,-90,89,38,97,-93,277,497,6,233,981,442,858,543,987,89,10,1,6,1,9
1082,-12,-37,-37,87,60,136,879,6,986,113,474,449,23,987,180,10,10,5,0,1
1083,-75,-67,-53,23,14,104,50,6,71,397,681,673,968,987,196,10,4,6,7,3
1084,-23,-83,20,65,85,89,671,6,280,870,37,529,667,987,576,10,7,10,7,2
1085,-21,36,-37,-31,-88,602,422,6,242,423,202,902,31,987,374,10,3,4,2,6
1086,35,45,73,59,-54,635,90,6,730,615,420,526,230,987,567,10,1,10,2,4
1087,29,94,-64,94,54,528,402,6,574,83,728,358,154,987,563,10,2,4,7,9
1088,-47,-9,-52,49,92,137,600,6,945,155,907,491,926,987,391,10,6,6,3,6
1089,58,-6,-100,57,-24,964,522,6,886,632,72,471,423,987,657,10,6,3,5,4
1090,8,-9,61,43,-79,319,933,6,315,863,464,455,273,987,661,10,7,2,4,6
1091,4,12,-78,70,-6,174,242,6,879,923,903,113,240,987,471,10,7,8,3,1
1092,-50,83,1,-68,-58,283,205,6,494,359,883,394,154,987,69,10,2,6,5,1
1093,6,-58,30,36,31,630,466,6,312,628,89,622,812,987,826,10,4,3,4,4
1094,92,-45,-66,39,85,58,302,6,165,992,903,125,395,987,138,10,9,1,2,4
1095,12,-65,-53,-60,-22,731,989,6,650,106,816,278,258,987,585,10,10,5,10,9
1096,-3,-26,-51,60,-21,619,219,6,896,299,716,663,733,987,486,10,8,9,9,3
1097,98,45,94,-24,7,458,176,6,218,711,852,917,385,987,802,10,6,4,5,9
1098,-11,-35,-33,-22,21,443,316,6,531,246,497,532,14,987,395,10,9,5,2,2
1099,92,66,97,-88,39,367,226,6,841,122,765,90,25,987,35,10,2,6,2,5
1100,13,36,70,-21,8,420,514,6,297,792,292,81,953,987,609,10,7,7,1,6
1101,-92,84,-58,-23,-14,783,306,6,796,505,558,965,577,987,229,10,2,6,3,7
1102,45,-35,15,28,6,913,674,6,830,216,475,154,270,987,368,10,6,2,7,6
1103,1,44,-74,-77,-28,538,933,6,324,347,440,153,221,987,641,10,6,7,8,4
1104,41,-17,22,70,-85,750,905,6,562,584,182,3,697,987,766,10,9,6,4,2
1105,-33,-15,-36,-45,78,266,198,6,390,976,983,845,466,987,638,10,2,3,7,3
1106,-7,42,-91,-17,-14,224,549,6,706,455,814,888,416,987,771,10,7,6,9,6
1107,40,44,35,78,19,226,417,6,782,79,213,279,532,987,145,10,2,3,3,0
1108,-56,-31,86,-20,78,547,947,6,765,153,94,865,851,987,879,10,9,5,5,3
1109,79,65,-78,45,11,772,949,6,306,629,159,506,443,987,65,10,7,3,3,6
1110,-7,-56,-76,20,26,931,542,6,91,633,249,277,571,987,364,10,5,6,2,8
1111,-21,-82,52,89,59,884,252,6,68,291,103,622,457,987,582,10,8,4,4,2
1112,-50,67,82,0,-95,838,759,6,11,741,212,93,910,987,971,10,6,1,7,6
1113,76,27,66,-86,12,620,682,6,273,352,286,993,162,987,470,10,0,7,7,10
1114,-2,-6,57,-6,-58,865,29,6,739,629,456,110,426,987,741,10,3,2,0,2
1115,-27,15,39,90,-97,301,308,6,562,478,45,603,213,987,164,10,9,5,3,7
1116,20,50,-23,-98,63,501,467,6,852,663,51,453,6,987,198,10,1,1,6,0
1117,-14,71,54,89,81,353,243,6,720,724,385,714,811,987,566,10,8,6,8,3
1118,34,54,65,-60,97,249,803,6,151,729,184,242,971,987,994,10,9,8,4,2
1119,-14,-23,14,1,96,643,232,6,337,734,281,919,43,987,562,10,7,5,1,3
1120,-43,-96,-46,48,-62,833,846,6,780,605,102,623,171,987,171,10,6,5,0,8
1121,-51,60,-28,-90,-60,273,482,6,170,952,302,69,673,987,432,10,5,5,10,5
1122,54,-54,47,-14,-61,878,657,6,7,491,640,260,921,987,815,10,9,4,6,10
1123,-76,-41,-49,-30,63,173,625,6,848,809,894,462,216,987,924,10,2,3,2,2
1124,-65,58,-57,-6,49,634,739,6,400,146,761,208,802,987,380,10,1,1,0,6
1125,-81,39,4,-95,-19,377,823,6,283,175,845,457,174,987,167,10,1,4,2,8
1126,-57,-79,-16,99,-33,713,361,6,690,498,620,280,123,987,583,10,1,6,3,8
1127,6,53,-91,88,-94,439,731,6,577,984,788,921,361,987,408,10,7,9,6,9
1128,-60,-33,21,-53,95,918,483,6,168,935,637,446,709,987,870,10,9,9,9,9
1129,-56,-2,18,-67,-25,774,900,6,713,941,887,170,627,987,419,10,3,3,8,4
1130,-41,100,-34,-29,71,24,317,6,60,298,600,693,48,987,99,10,8,9,5,9
1131,-73,62,57,36,-23,624,247,6,41,716,872,735,945,987,627,10,9,3,7,4
1132,74,-27,-78,4,43,377,665,6,112,49,897,280,312,987,595,10,5,5,4,3
1133,87,-96,-27,88,99,725,397,6,184,167,376,27,940,987,453,10,2,9,2,8
1134,-36,39,-13,-57,84,167,158,6,259,982,953,732,876,987,561,10,5,8,4,6
1135,66,-78,57,-41,48,919,574,6,580,301,772,614,66,987,58,10,2,3,4,9
1136,-36,46,-59,78,97,792,386,6,820,39,70,680,472,987,468,10,6,10,10,8
1137,5,64,44,-38,-86,538,988,6,270,168,168,474,974,987,79,10,2,7,9,4
1138,-41,-93,34,22,-60,682,758,6,332,616,803,480,556,987,899,10,5,4,4,7
1139,19,62,-81,-57,-2,895,654,6,221,2,854,979,510,987,387,10,6,7,1,5
1140,-5,-82,-27,-17,93,272,757,6,589,481,644,448,864,987,500,10,4,1,1,5
1141,-82,39,-40,37,-16,181,310,6,484,617,835,525,225,987,962,10,6,0,5,1
1142,5,-35,60,-5,-28,689,416,6,34,334,50,505,62,987,117,10,6,5,1,3
1143,10,50,56,69,-64,339,975,6,459,883,323,888,838,987,62,10,4,10,2,10
1144,67,85,-67,-63,29,911,814,6,214,201,801,347,315,987,556,10,8,4,2,7
1145,-30,69,41,-47,-62,174,36,6,754,926,999,488,547,987,504,10,7,9,1,9
1146,-28,-25,41,46,-4,625,790,6,427,58,349,382,188,987,883,10,6,9,4,5
1147,81,-21,69,-5,98,752,825,6,331,24,318,27,47,987,24,10,8,5,1,0
1148,92,4,16,37,-79,890,796,6,852,358,983,710,830,987,579,10,2,6,3,10
1149,-17,-76,-90,-65,-84,853,935,6,376,816,998,592,52,987,229,10,6,10,7,0
1150,-46,39,-26,69,86,453,233,6,981,489,230,511,954,987,647,10,3,3,3,2
1151,-91,-86,-86,99,85,177,298,6,873,867,134,883,8,987,50,10,0,3,5,8
1152,70,68,27,-16,-46,623,460,6,608,368,361,751,422,987,581,10,5,3,2,7
1153,72,-62,-60,44,66,43,275,6,808,732,599,108,157,987,288,10,7,2,5,5
1154,95,-53,-25,5,-13,100,667,6,866,386,571,70,89,987,680,10,0,5,9,4
1155,80,-92,-8,-46,-76,566,442,6,239,784,137,860,332,987,253,10,1,7,4,2
1156,52,-88,-74,52,-40,595,169,6,562,676,457,353,33,987,220,10,4,0,6,9
1157,46,64,54,21,-17,788,301,6,249,321,5,543,230,987,256,10,1,10,3,4
1158,-7,-66,-99,-86,17,451,742,6,644,990,40,452,546,987,932,10,0,3,9,4
1159,86,56,93,-17,99,487,709,6,358,411,233,174,399,987,7,10,5,1,7,3
1160,-77,16,33,33,55,295,596,6,610,575,990,874,23,987,651,10,5,1,9,8
1161,80,-87,20,-57,-100,513,494,6,276,17,159,664,989,987,609,10,9,8,3,4
1162,-62,66,-6,-94,56,204,468,6,237,493,148,376,434,987,654,10,3,2,1,8
1163,-99,-6,-85,81,-65,557,161,6,716,581,859,473,273,987,555,10,6,4,7,0
1164,-11,72,60,-50,-38,674,390,6,986,290,500,91,325,987,616,10,8,9,9,2
1165,77,-69,-12,-5,-4,497,692,6,782,285,906,735,399,987,755,10,7,7,8,10
1166,-74,-59,-13,-14,-44,710,184,6,839,842,533,361,29,987,541,10,9,9,1,9
1167,-45,-67,31,73,-61,527,453,6,483,813,145,578,661,987,292,10,4,7,6,8
1168,21,12,-20,-98,45,394,43,6,841,474,947,892,296,987,872,10,8,1,4,2
1169,99,-55,37,63,92,93,847,6,958,150,53,565,416,987,801,10,2,9,8,8
1170,85,81,-13,40,30,28,275,6,249,626,226,370,601,987,970,10,1,6,8,9
1171,-49,-82,-75,-93,86,305,773,6,810,927,74,333,714,987,11,10,7,8,3,1
1172,-88,-62,-41,-83,-15,354,783,6,951,784,586,672,426,987,92,10,8,8,9,1
1173,77,18,5,-27,-66,27,41,6,101,936,712,796,676,987,971,10,2,2,4,3
1174,20,-23,-42,69,-81,791,247,6,804,663,542,283,202,987,525,10,5,2,8,2
1175,-52,69,92,-83,94,304,858,6,2,270,395,671,767,987,601,10,3,4,5,2
1176,35,-56,-70,-59,-71,72,48,6,135,680,950,275,792,987,795,10,4,0,2,3
1177,50,84,77,-32,75,248,395,6,863,389,948,625,617,987,849,10,7,10,7,9
1178,-67,-20,86,8,87,502,489,6,265,459,82,336,473,987,647,10,7,10,5,6
1179,-50,50,41,3,-25,883,322,6,927,420,630,530,766,987,994,10,1,6,7,5
1180,19,-15,36,-60,-72,470,969,6,764,711,778,160,253,987,914,10,2,9,6,4
1181,-45,71,-47,43,35,633,829,6,725,674,217,809,431,987,350,10,8,2,2,3
1182,-88,3,-60,22,-21,785,160,6,482,758,60,298,574,987,565,10,1,3,1,4
1183,-78,6,-96,-66,98,854,729,6,605,29,263,5,840,987,239,10,5,10,5,7
1184,-87,91,-7,23,89,210,251,6,227,655,31,705,684,987,164,10,4,10,2,8
1185,-84,52,77,-47,82,48,382,6,392,102,880,177,580,987,311,10,7,1,1,2
1186,39,95,66,-4,-87,99,548,6,671,271,716,660,884,987,935,10,4,4,10,6
1187,-38,-41,42,-46,36,181,555,6,745,157,921,718,924,987,288,10,9,8,1,7
1188,-44,-23,62,58,78,42,184,6,385,716,533,740,358,987,668,10,5,2,0,1
1189,82,85,-4,90,-71,691,598,6,529,640,846,914,735,987,577,10,8,8,7,10
1190,-35,-78,-10,-81,11,804,174,6,265,299,108,697,34,987,514,10,6,2,8,4
1191,93,-8,-35,-70,20,660,533,6,219,971,796,305,149,987,407,10,1,7,0,2
1192,87,72,93,-45,-21,606,407,6,740,203,954,623,727,987,926,10,8,10,7,9
1193,-41,-30,12,-45,-33,338,176,6,361,549,53,746,94,987,190,10,1,1,5,9
1194,-34,-30,-98,-27,-70,275,748,6,718,840,900,1000,253,987,815,10,3,6,0,10
1195,80,-4,88,4,-91,787,812,6,973,204,968,443,144,987,491,10,9,8,6,4
1196,-60,-29,-10,85,-64,725,975,6,448,705,617,159,868,987,118,10,7,4,4,1
1197,29,80,-49,-65,-61,14,892,6,61,525,574,853,280,987,679,10,5,4,9,4
1198,14,53,-53,99,-76,517,183,6,745,465,121,479,967,987,40,10,7,2,7,10
1199,-77,-79,-22,6,-20,502,368,6,725,735,562,659,607,987,920,10,5,5,5,2
1200,59,-28,69,43,-25,514,457,6,96,980,855,441,29,987,630,10,7,4,1,0
1201,98,0,-92,-24,22,541,54,6,792,764,162,821,314,987,841,10,3,4,2,4
1202,-62,66,29,37,29,124,282,6,276,729,58,160,177,987,192,10,2,0,8,6
1203,-81,40,7,-43,5,814,33,6,773,120,255,962,359,987,420,10,4,6,3,6
1204,-32,-33,40,94,47,19,308,6,492,393,95,666,19,987,913,10,5,0,2,1
1205,-11,-11,-83,-16,-55,469,26,6,282,106,48,5,372,987,996,10,5,2,2,6
1206,21,-83,7,7,5,853,653,6,776,447,673,863,927,987,36,10,7,1,2,0
1207,-84,21,79,-53,-80,465,678,6,4,827,763,754,680,987,223,10,8,8,5,10
1208,83,-29,-17,-88,90,130,450,6,502,758,254,86,217,987,652,10,10,6,7,5
1209,-16,-24,-83,15,13,6,976,6,701,212,827,780,906,987,210,10,2,1,8,7
1210,44,-4,45,79,27,221,874,6,520,81,929,276,125,987,900,10,2,9,5,2
1211,45,-14,20,-95,-52,116,708,6,146,474,444,981,691,987,675,10,1,5,6,4
1212,-99,81,36,-12,94,710,143,6,947,655,440,987,349,987,465,10,9,4,4,9
1213,-67,51,80,-53,-81,605,878,6,306,618,303,84,34,987,206,10,2,7,9,2
1214,6,-5,-27,0,-92,101,404,6,412,674,885,86,700,987,71,10,2,4,5,5
1215,-75,4,-23,-4,29,870,497,6,80,107,463,153,161,987,842,10,6,6,9,7
1216,55,-79,-67,-41,81,264,168,6,525,353,464,673,492,987,57,10,3,3,6,2
1217,6,65,29,-65,28,367,33,6,943,398,103,29,390,987,156,10,1,7,10,1
1218,-80,79,-54,76,1,583,663,6,412,580,92,555,725,987,497,10,3,1,10,7
1219,39,33,31,-46,85,220,491,6,955,236,756,311,312,987,870,10,9,3,6,1
1220,-80,14,33,-89,29,578,770,6,132,930,659,110,277,987,265,10,2,10,7,3
1221,-46,67,-62,-88,-36,202,157,6,502,323,649,622,976,987,67,10,1,4,0,1
1222,-50,-38,-40,-30,-95,164,355,6,39,433,839,855,149,987,303,10,9,4,2,6
1223,88,82,80,80,-73,583,821,6,637,933,555,12,623,987,503,10,3,7,4,8
1224,38,-8,-54,31,33,479,275,6,929,751,607,748,196,987,348,10,5,8,7,9
1225,26,95,72,-63,-5,34,80,6,838,356,373,729,857,987,701,10,3,1,8,2
1226,-43,74,-16,40,-17,97,641,6,486,834,965,858,322,987,912,10,5,1,1,1
1227,74,-51,-30,-31,89,248,885,6,865,832,181,545,818,987,381,10,8,5,2,3
1228,57,-16,-81,61,95,641,708,6,888,303,250,539,234,987,213,10,1,7,2,5
1229,2,15,3,38,-46,620,713,6,94,35,36,373,513,987,443,10,10,5,1,5
1230,58,-23,9,92,-26,652,114,6,379,8,128,60,268,987,420,10,8,7,0,4
1231,38,-30,-75,-60,-96,147,130,6,962,958,761,140,839,987,760,10,6,5,2,1
1232,93,58,-3,-85,-43,928,66,6,938,136,433,246,226,987,238,10,4,9,7,8
1233,-57,29,21,-38,-67,470,98,6,17,167,148,474,389,987,217,10,7,7,1,5
1234,30,22,-38,-61,32,320,794,6,122,971,169,631,884,987,44,10,5,3,3,4
1235,79,76,78,39,51,479,473,6,995,125,708,558,779,987,745,10,9,7,9,7
1236,83,-14,-76,70,-10,54,326,6,742,389,859,497,212,987,742,10,5,0,1,8
1237,37,-82,-15,14,84,803,911,6,195,587,994,964,30,987,497,10,1,4,8,3
1238,-56,-87,-70,81,-19,210,13,6,237,637,145,106,972,987,625,10,9,10,4,6
1239,73,26,78,-81,56,3,293,6,267,530,517,625,766,987,229,10,7,6,6,3
1240,-97,63,-78,87,37,676,250,6,853,377,492,739,473,987,363,10,2,1,9,2
1241,5,35,-3,-45,-44,981,345,6,116,917,859,980,696,987,104,10,5,9,1,4
1242,69,49,49,-98,33,721,525,6,374,187,730,596,981,987,974,10,2,7,4,8
1243,69,98,61,44,49,772,63,6,36,65,591,69,909,987,201,10,8,8,5,4
1244,-59,17,17,18,30,397,425,6,137,491,535,193,350,987,937,10,7,2,8,7
1245,22,-94,92,-81,-11,323,33,6,901,49,63,587,922,987,617,10,2,4,4,9
1246,-23,-57,-76,14,-17,948,266,6,776,900,808,670,287,987,849,10,3,6,0,4
1247,-91,-34,37,85,24,979,821,6,647,788,444,514,986,987,934,10,10,6,2,6
1248,17,6,-70,-30,-33,694,549,6,376,521,510,658,435,987,67,10,10,8,8,8
1249,-63,-23,-46,72,88,645,872,6,873,224,533,465,796,987,877,10,0,9,4,5
1250,-42,54,-76,-34,-79,373,203,6,254,70,309,744,176,987,470,10,1,7,3,5
1251,11,61,-31,-31,54,637,427,6,259,775,348,406,603,987,457,10,8,2,9,6
1252,-39,79,-74,65,-5,292,288,6,394,271,317,883,602,987,897,10,6,5,9,8
1253,37,45,53,76,38,823,709,6,353,341,379,339,877,987,575,10,3,9,9,6
1254,7,64,-14,69,68,974,794,6,364,318,663,895,921,987,832,10,2,6,2,0
1255,64,-96,-72,97,87,972,163,6,789,676,227,256,290,987,307,10,8,5,0,9
1256,13,-22,-37,53,-60,136,761,6,863,249,865,747,715,987,149,10,0,6,8,5
1257,-63,-16,-33,5,2,42,921,6,211,342,661,144,335,987,554,10,5,6,4,3
1258,90,1,-13,-6,-30,165,634,6,89,106,828,252,65,987,299,10,8,5,7,1
1259,50,-64,-78,38,-98,46,854,6,997,242,59,885,999,987,83,10,8,9,0,0
1260,65,52,26,72,5,935,714,6,916,602,600,898,143,987,364,10,1,2,3,8
1261,99,-33,47,94,-22,281,431,6,998,932,201,970,639,987,109,10,1,9,4,0
1262,-74,14,66,73,-54,552,762,6,210,826,60,469,759,987,372,10,10,8,8,0
1263,88,40,45,14,91,128,283,6,916,236,435,151,953,987,425,10,4,7,6,9
1264,92,33,-29,-89,17,95,416,6,304,419,717,15,351,987,344,10,1,5,8,7
1265,-4,-86,91,-39,-92,328,992,6,326,108,64,188,571,987,980,10,1,4,0,2
1266,59,27,58,64,-32,463,50,6,304,707,552,791,88,987,775,10,1,10,4,7
1267,34,84,48,27,16,98,549,6,93,731,312,27,347,987,903,10,5,3,9,4
1268,-47,25,-41,32,94,83,285,6,250,420,757,798,251,987,28,10,0,7,5,1
1269,-10,1,49,-72,25,801,673,6,556,706,829,584,754,987,220,10,4,0,1,1
1270,77,-32,-37,-42,-60,864,566,6,565,987,659,581,580,987,415,10,6,10,2,0
1271,-1,-43,22,81,-83,74,741,6,969,981,850,211,989,987,494,10,1,9,10,10
1272,-36,-84,-84,56,-21,928,247,6,700,667,249,459,910,987,439,10,9,3,7,5
1273,-8,-27,42,-60,-53,388,360,6,548,39,970,517,162,987,740,10,7,10,1,2
1274,55,12,18,20,-11,309,217,6,446,602,601,535,636,987,934,10,10,2,6,8
1275,82,99,19,-9,-65,982,556,6,332,813,317,704,739,987,65,10,3,6,4,5
1276,-50,83,-87,-97,-76,384,170,6,876,577,717,517,258,987,434,10,9,8,4,7
1277,-37,-44,-87,-64,-48,46,931,6,266,856,886,439,81,987,410,10,2,9,0,7
1278,-25,3,-67,-62,45,282,252,6,751,293,174,363,55,987,318,10,0,4,10,8
1279,44,-28,1,18,-67,575,431,6,333,766,378,345,671,987,397,10,9,9,4,7
1280,-90,83,-28,-29,-68,182,439,6,198,594,652,106,555,987,622,10,6,3,3,2
1281,-67,-39,-33,17,-59,939,687,6,369,810,831,250,839,987,899,10,6,8,9,2
1282,-3,-53,-27,33,44,278,449,6,56,45,920,679,267,987,944,10,1,7,7,5
1283,-32,-52,-46,-86,52,694,850,6,406,241,902,965,785,987,166,10,6,1,0,5
1284,79,14,2,-79,-63,263,739,6,948,408,169,877,697,987,518,10,5,2,9,7
1285,-78,12,-64,41,-10,193,520,6,700,552,649,207,966,987,428,10,8,5,6,3
1286,-76,74,-64,55,83,857,878,6,67,853,717,231,290,987,391,10,8,2,6,8
1287,52,-76,32,75,-81,831,373,6,737,219,124,740,950,987,41,10,6,2,2,6
1288,-61,34,64,82,-33,591,748,6,947,394,945,305,321,987,571,10,2,1,10,5
1289,-11,-29,18,-53,-28,8,988,6,303,139,199,933,677,987,490,10,5,3,9,9
1290,-80,55,72,-19,-100,939,84,6,363,720,480,802,200,987,842,10,4,4,9,8
1291,-57,96,-47,40,-23,571,899,6,780,431,599,759,400,987,500,10,8,2,6,2
1292,5,96,-92,97,91,332,652,6,144,241,499,240,620,987,104,10,5,5,7,2
1293,29,82,40,21,94,992,147,6,24,513,157,743,316,987,724,10,3,6,1,9
1294,81,-94,-22,-65,99,234,435,6,327,670,883,729,247,987,77,10,5,1,1,3
1295,-44,64,86,-57,79,346,383,6,236,937,904,383,208,987,369,10,10,2,3,5
1296,75,-84,59,-32,18,403,551,6,318,707,781,794,780,987,397,10,3,1,7,7
1297,75,-94,-25,-68,-50,646,633,6,720,937,727,512,945,987,576,10,3,6,7,10
1298,-88,-64,-25,-32,-18,856,159,6,988,379,820,694,162,987,573,10,8,2,10,2
1299,-10,6,-21,12,95,138,2,6,294,464,670,46,633,987,707,10,10,8,8,9
1300,-48,44,51,-27,-58,946,962,6,592,219,449,776,297,987,21,10,3,0,2,2
1301,58,36,-26,-77,93,470,859,6,266,451,564,571,443,987,449,10,3,5,3,7
1302,10,-78,-12,-81,93,293,768,6,123,761,838,814,931,987,630,10,8,9,4,3
1303,79,88,-7,-13,72,376,586,6,3,761,407,350,974,987,40,10,8,6,7,4
1304,-4,45,-14,-7,-16,672,877,6,78,850,394,471,891,987,596,10,7,9,0,10
1305,-68,-63,96,-93,56,494,97,6,50,391,384,334,863,987,375,10,1,0,9,8
1306,74,-86,70,-10,-83,871,219,6,452,209,90,566,211,987,491,10,9,9,8,9
1307,-16,-84,19,-71,-56,27,139,6,785,770,6,293,325,987,324,10,8,10,9,3
1308,-49,-63,-6,-22,50,455,60,6,507,151,339,687,724,987,687,10,4,8,7,9
1309,71,20,-55,41,25,896,820,6,78,11,67,569,127,987,77,10,9,3,8,10
1310,-65,-18,43,100,-64,594,716,6,326,789,865,809,73,987,973,10,0,5,4,8
1311,21,16,53,-90,-16,709,865,6,41,94,383,42,609,987,892,10,6,1,1,8
1312,87,-48,77,-62,-40,805,422,6,597,716,747,630,461,987,488,10,8,6,5,10
1313,50,-56,15,99,-69,767,302,6,705,619,422,402,23,987,433,10,6,1,6,10
1314,-89,-13,36,25,-60,685,260,6,707,947,258,732,570,987,967,10,1,10,1,9
1315,-58,39,-29,-95,4,897,977,6,51,464,147,350,570,987,190,10,1,2,2,10
1316,35,18,40,-25,-64,26,1,6,170,761,596,875,71,987,645,10,7,3,4,9
1317,-5,-13,-92,-80,62,158,157,6,412,483,44,73,19,987,26,10,10,1,4,5
1318,-38,-59,68,-91,86,514,395,6,854,719,460,645,311,987,365,10,5,9,4,4
1319,56,-25,50,60,15,496,788,6,355,898,782,989,970,987,827,10,10,6,3,3
1320,44,40,55,-15,-73,102,425,6,356,828,972,291,543,987,837,10,2,4,2,3
1321,-48,39,93,-58,-76,516,962,6,217,111,820,780,185,987,782,10,5,0,8,9
1322,-2,-18,-1,-52,32,352,520,6,508,217,602,380,604,987,142,10,2,5,4,4
1323,8,60,98,63,59,560,382,6,155,327,688,967,380,987,247,10,6,2,2,3
1324,-39,-33,-73,85,-97,716,735,6,743,520,619,6,695,987,505,10,7,1,2,4
1325,88,-74,-45,-51,17,915,962,6,341,133,55,771,816,987,763,10,9,4,1,4
1326,98,-22,-2,-77,75,639,613,6,390,890,703,601,29,987,835,10,6,1,0,7
1327,-77,-64,-90,-28,-57,1,245,6,196,463,489,798,525,987,199,10,9,4,7,2
1328,-99,-2,82,74,68,636,536,6,587,39,21,680,299,987,833,10,4,2,2,6
1329,52,-62,-12,-36,-53,660,934,6,480,250,18,466,623,987,503,10,0,1,6,9
1330,84,49,34,-22,56,670,726,6,500,414,412,415,975,987,756,10,9,7,0,5
1331,11,-6,30,40,20,344,220,6,138,50,38,990,438,987,482,10,4,6,7,4
1332,-7,58,86,-38,26,875,176,6,804,191,914,17,472,987,971,10,3,8,10,5
1333,48,67,-16,-77,-63,889,667,6,750,947,91,192,548,987,768,10,2,3,2,1
1334,41,93,20,26,38,609,960,6,296,861,452,509,942,987,894,10,1,8,3,4
1335,97,84,-8,21,-28,23,420,6,877,948,454,592,23,987,202,10,0,9,3,1
1336,-13,16,-5,-48,49,493,272,6,850,740,346,318,923,987,625,10,8,7,4,5
1337,0,39,-58,-85,-32,408,412,6,21,710,36,535,945,987,715,10,2,6,9,6
1338,-1,-60,-13,-17,77,234,846,6,366,578,512,892,90,987,823,10,10,8,4,8
1339,5,-17,-74,70,5,538,479,6,11,202,321,888,753,987,598,10,5,2,2,5
1340,-67,-76,35,-85,5,63,769,6,527,216,200,765,152,987,90,10,8,4,6,4
1341,-56,-55,95,-97,-43,475,184,6,176,553,232,876,808,987,88,10,10,8,8,10
1342,-86,9,87,-95,43,745,855,6,355,326,489,647,341,987,445,10,8,0,2,0
1343,-11,-11,-44,-88,-78,462,971,6,413,685,789,854,823,987,183,10,6,4,6,6
1344,0,23,51,-66,-31,598,582,6,316,122,760,246,503,987,317,10,10,6,4,7
1345,35,-55,70,91,-9,306,404,6,515,837,837,80,214,987,793,10,2,7,6,4
1346,-12,1,99,-9,-64,289,905,6,526,621,246,591,11,987,26,10,6,4,3,8
1347,58,56,94,-90,74,758,187,6,684,767,144,470,280,987,456,10,1,7,8,0
1348,-95,80,70,25,35,171,152,6,927,491,373,890,400,987,889,10,2,2,3,0
1349,59,13,-57,-21,27,850,437,6,392,209,450,753,205,987,43,10,2,2,8,9
1350,-41,55,55,-92,-4,750,181,6,83,944,102,51,89,987,783,10,6,0,4,10
1351,-90,7,-88,-30,-62,95,418,6,862,254,425,695,644,987,181,10,9,1,1,5
1352,76,-97,-87,-87,72,118,937,6,25,429,327,444,618,987,449,10,7,3,1,9
1353,49,20,-52,48,57,360,786,6,275,594,599,345,735,987,531,10,0,3,3,9
1354,-70,38,41,-42,99,740,485,6,664,396,153,815,96,987,400,10,3,8,5,6
1355,-97,-79,25,-83,56,670,927,6,378,960,779,663,944,987,739,10,8,1,0,4
1356,-15,87,-3,98,-1,829,956,6,186,22,332,595,450,987,926,10,1,7,3,9
1357,-15,49,-80,-85,-94,662,556,6,326,145,618,975,83,987,278,10,6,9,2,1
1358,-1,7,-53,48,-39,553,46,6,783,947,290,863,449,987,388,10,9,8,5,2
1359,-10,-36,-2,49,-68,302,259,6,575,176,276,488,7,987,480,10,10,7,4,2
1360,-34,74,50,28,23,421,713,6,839,531,416,984,219,987,558,10,3,7,6,3
1361,-69,-95,90,22,-60,740,840,6,22,580,0,1,995,987,68,10,6,8,8,1
1362,-81,-68,27,98,77,733,874,6,769,665,377,313,785,987,963,10,2,4,8,7
1363,-11,-20,95,54,57,415,512,6,861,17,204,745,344,987,895,10,7,2,8,4
1364,-52,77,52,-56,-71,190,880,6,271,683,446,402,679,987,433,10,2,10,10,2
1365,-35,56,-3,-90,-96,373,333,6,749,818,971,961,970,987,278,10,9,4,2,4
1366,-64,-77,-97,-100,-20,169,732,6,263,471,134,402,460,987,643,10,6,5,6,6
1367,75,59,-10,-58,12,552,145,6,611,916,159,511,924,987,994,10,8,4,6,7
1368,92,64,94,80,1,292,73,6,69,558,997,235,995,987,582,10,3,7,9,9
1369,80,-5,-62,-23,2,716,696,6,956,41,26,994,924,987,827,10,5,4,2,5
1370,-74,-23,-22,-44,-54,546,348,6,800,740,151,521,631,987,859,10,5,1,4,0
1371,-50,-3,-8,35,-35,112,506,6,748,586,163,776,359,987,594,10,0,6,3,0
1372,-19,87,31,-91,96,143,94,6,13,362,271,812,833,987,914,10,0,4,8,7
1373,-19,-79,-41,-52,-66,155,256,6,795,860,165,890,849,987,271,10,9,4,1,2
1374,22,72,-29,42,97,944,193,6,960,164,354,483,921,987,591,10,6,2,9,4
1375,-96,85,59,-98,7,477,547,6,581,365,449,224,960,987,348,10,3,4,2,2
1376,39,40,-9,-63,72,466,116,6,107,568,140,460,506,987,23,10,0,5,6,4
1377,29,-54,57,48,50,138,720,6,399,594,371,13,679,987,334,10,6,4,6,6
1378,28,77,4,7,-23,107,251,6,523,369,564,441,354,987,987,10,5,6,10,3
1379,17,-20,-28,-42,-32,429,452,6,119,582,839,137,726,987,409,10,5,9,4,8
1380,44,-20,-83,-87,-61,190,761,6,723,645,366,864,253,987,508,10,1,2,4,10
1381,90,-22,-98,20,-62,812,390,6,453,59,969,189,32,987,329,10,3,7,6,10
1382,-13,53,96,33,-58,336,931,6,988,460,1000,534,588,987,320,10,0,3,7,8
1383,-69,-38,-27,-86,-16,212,636,6,358,725,557,466,539,987,854,10,1,4,3,0
1384,-94,20,87,-61,-28,875,986,6,849,526,39,135,601,987,83,10,5,8,0,6
1385,-25,27,81,-98,36,56,129,6,20,957,168,880,132,987,472,10,3,9,9,3
